"CPF"|"CUSTOMER_ID"|"PERIOD_START"|"PERIOD_END"|"TIMESTAMP_REQUEST"|"DT_INI"
"00000000900"|"57dac46e-8324-4e7e-89f4-1dbaeea63548"|"3/1/2026"|"6/30/2026"|"7/28/2026 21:13:48"|2026-08-06 21:20:29.000
"00000001000"|"5bad2675-0078-4ae4-a4f1-5f21e0dc383c"|"1/1/2026"|"7/31/2026"|"7/31/2026 18:19:45"|2026-08-10 14:25:23.000
"00000001100"|"65241323-00c7-43b2-abc4-5e60b6b576e5"|"6/12/2025"|"7/31/2026"|"7/31/2026 18:22:40"|
"00000001100"|"65241323-00c7-43b2-abc4-5e60b6b576e5"|"11/11/2025"|"7/31/2026"|"7/31/2026 18:23:16"|
"00000001200"|"5e1896c3-7f6d-4564-9b72-88a5ad217c64"|"1/1/2026"|"7/30/2026"|"7/31/2026 19:41:51"|
"00000001200"|"5e1896c3-7f6d-4564-9b72-88a5ad217c64"|"1/1/2026"|"7/30/2026"|"7/31/2026 19:42:57"|
"00000001200"|"5e1896c3-7f6d-4564-9b72-88a5ad217c64"|"1/1/2026"|"7/30/2026"|"7/31/2026 19:44:17"|
"00000001300"|"6426d9df-1de1-4f28-9d5c-ec263b5288d2"|"7/31/2025"|"7/30/2026"|"7/31/2026 20:02:22"|
"00000001400"|"5de2aaba-b789-4d3b-a6c8-58c458119fdd"|"1/1/2026"|"7/31/2026"|"7/31/2026 21:35:50"|
"00000001500"|"5d44f80c-8f22-4bab-ab5d-db8fb5d2d373"|"6/1/2026"|"7/31/2026"|"7/31/2026 21:36:46"|
"00000001600"|"586a1836-aa9b-4697-a455-5c8286db758b"|"4/21/2025"|"7/31/2026"|"7/31/2026 21:45:37"|
"00000001700"|"5b26932d-d3bd-498b-aed5-ca5fa894ec2f"|"4/1/2026"|"7/30/2026"|"7/31/2026 21:49:37"|
"00000001800"|"59287934-6f47-4bca-b78f-d15b741eb78e"|"6/1/2025"|"7/31/2026"|"7/31/2026 22:30:03"|
"00000001900"|"62f51fa7-ff41-4525-a42f-de60b7defcb7"|"6/1/2026"|"7/31/2026"|"7/31/2026 22:36:12"|
"00000002000"|"554849f3-e486-43fe-b3c1-d4e67118cddc"|"7/1/2025"|"7/30/2026"|"7/31/2026 23:28:55"|
"00000002100"|"5a04f1d1-51ea-4480-99b7-c5216951c0bb"|"8/1/2024"|"8/1/2026"|"8/1/2026 6:32:40"|
"00000002200"|"66ce42c8-0499-4a9b-b3a5-0a7176a0a4ec"|"1/1/2026"|"7/31/2026"|"8/1/2026 7:26:29"|
"00000002300"|"5f7cff8c-bb77-4c01-b849-c064b2e7b5cc"|"7/1/2026"|"8/1/2026"|"8/1/2026 7:26:58"|
"00000002300"|"5f7cff8c-bb77-4c01-b849-c064b2e7b5cc"|"7/1/2026"|"8/1/2026"|"8/1/2026 7:28:12"|
"00000002300"|"5f7cff8c-bb77-4c01-b849-c064b2e7b5cc"|"7/1/2026"|"8/1/2026"|"8/1/2026 7:29:25"|
"00000002400"|"5deebae6-92c6-42b7-aa26-9df86c61fc48"|"6/1/2026"|"7/31/2026"|"8/1/2026 7:39:47"|
"00000002500"|"628ebdf8-1226-4c93-bcc8-14f44e7624ca"|"7/1/2026"|"7/31/2026"|"8/1/2026 7:51:57"|
"00000002600"|"5cb7acbd-2e9f-4dd5-9103-e707eada8079"|"10/29/2024"|"8/1/2026"|"8/1/2026 8:04:50"|
"00000002600"|"5cb7acbd-2e9f-4dd5-9103-e707eada8079"|"10/29/2024"|"8/1/2026"|"8/1/2026 8:06:22"|
"00000002700"|"5dcb2ed0-21bb-45b0-af31-dba06ee9f764"|"7/22/2024"|"7/31/2026"|"8/1/2026 8:09:16"|
"00000002800"|"5ceed8fc-fc43-4018-af46-bdf3dfb13b01"|"12/7/2022"|"8/1/2026"|"8/1/2026 8:13:13"|
"00000002900"|"60364230-c5ba-474f-972d-f08924461d26"|"7/1/2026"|"8/1/2026"|"8/1/2026 8:23:24"|
"00000003000"|"5ce8a810-1f6a-4f97-8d92-45eb58293fa7"|"7/1/2026"|"8/1/2026"|"8/1/2026 8:38:10"|
"00000003100"|"5e558b71-6acd-42d1-85bd-679055885180"|"7/1/2026"|"7/31/2026"|"8/1/2026 8:41:54"|
"00000003200"|"575f1e53-9b49-4073-a2e3-e8f7094cdc26"|"1/1/2026"|"7/31/2026"|"8/1/2026 8:42:21"|
"00000003300"|"5d3b910e-3a8e-40f0-b22b-85b3426fba09"|"7/1/2026"|"8/1/2026"|"8/1/2026 9:19:31"|
"00000003400"|"5cd94b2b-8e3c-4640-8549-aa184c927edd"|"7/1/2026"|"7/31/2026"|"8/1/2026 9:20:55"|
"00000003500"|"6428da9f-1ca4-4c70-80b3-29974c3cf0f2"|"1/1/2024"|"8/1/2026"|"8/1/2026 9:27:39"|
"00000003600"|"605f9797-a41d-4e4c-8913-c7c15a899a6f"|"6/1/2026"|"7/31/2026"|"8/1/2026 9:39:44"|
"00000003600"|"605f9797-a41d-4e4c-8913-c7c15a899a6f"|"6/1/2026"|"7/31/2026"|"8/1/2026 9:40:57"|
"00000003600"|"605f9797-a41d-4e4c-8913-c7c15a899a6f"|"6/1/2026"|"7/31/2026"|"8/1/2026 9:41:34"|
"00000003701"|"6089e7a2-1ca9-42b7-9b32-f1d316160d46"|"7/25/2025"|"7/31/2026"|"8/1/2026 9:43:17"|
"00000003800"|"60dde889-c77c-4dae-a554-9305a6451668"|"6/8/2026"|"8/1/2026"|"8/1/2026 10:12:22"|
"00000003900"|"5981c682-29c0-4a9d-98d8-0d5009569ecd"|"3/2/2023"|"8/1/2026"|"8/1/2026 10:19:04"|
"00000004000"|"5ceb05b1-fb6d-45ad-ad61-033bc4702ba8"|"12/12/2023"|"8/1/2026"|"8/1/2026 10:44:23"|
"00000004100"|"5d7bde50-80a0-4fd5-a625-196470a6fb7d"|"1/1/2024"|"7/31/2026"|"8/1/2026 10:44:39"|
"00000004200"|"594d382a-cb79-4f14-a968-cf610959044e"|"8/1/2024"|"8/1/2026"|"8/1/2026 10:46:16"|
"00000004300"|"634cc0c9-24e0-4871-ac3f-b9ca551c9ea5"|"7/1/2026"|"8/1/2026"|"8/1/2026 10:47:31"|
"00000004400"|"594a7b47-1ec8-4e3d-b8f8-a3b063dad29d"|"8/1/2025"|"8/1/2026"|"8/1/2026 10:53:07"|
"00000004400"|"594a7b47-1ec8-4e3d-b8f8-a3b063dad29d"|"8/1/2025"|"8/1/2026"|"8/1/2026 10:54:31"|
"00000004500"|"640c8a1e-fc06-44df-b86f-70c1da5be035"|"2/1/2026"|"7/31/2026"|"8/1/2026 10:59:26"|
"00000004500"|"640c8a1e-fc06-44df-b86f-70c1da5be035"|"2/1/2026"|"7/31/2026"|"8/1/2026 11:01:37"|
"00000004600"|"5d5f0a7c-865b-4bae-b438-b495fede4c04"|"5/1/2026"|"6/30/2026"|"8/1/2026 11:05:51"|
"00000004700"|"594bfb95-0472-4999-99d5-d99326e16e03"|"4/1/2026"|"8/1/2026"|"8/1/2026 11:09:23"|
"00000004800"|"5fa98329-3c41-470f-ae3b-e4d297e3b0de"|"3/8/2025"|"8/1/2026"|"8/1/2026 11:18:34"|
"00000004900"|"5f580714-2fc3-4389-9d70-f8031e2e61ec"|"9/12/2023"|"8/1/2026"|"8/1/2026 11:20:01"|
"00000005000"|"60f419d6-db8c-4bad-9086-66eba243decf"|"7/1/2026"|"7/31/2026"|"8/1/2026 11:20:57"|
"00000005000"|"60f419d6-db8c-4bad-9086-66eba243decf"|"7/1/2026"|"7/31/2026"|"8/1/2026 11:22:19"|
"00000005100"|"5f2c860f-d9d6-4391-a61d-a0fd1daef944"|"6/1/2026"|"8/1/2026"|"8/1/2026 11:30:08"|
"00000005100"|"5f2c860f-d9d6-4391-a61d-a0fd1daef944"|"6/1/2026"|"8/1/2026"|"8/1/2026 11:30:41"|
"00000005200"|"5f4d5440-eb10-482d-be48-e2458e90ea19"|"4/10/2026"|"2/20/2026"|"8/1/2026 11:57:41"|
"00000005300"|"64b1a262-b99c-46c6-a05b-f1b7210ee604"|"10/24/2023"|"8/1/2026"|"8/1/2026 11:58:38"|
"00000005400"|"5cc59304-4199-41d4-abc5-3c79ead7590a"|"3/1/2026"|"7/31/2026"|"8/1/2026 12:32:46"|
"00000005500"|"5b509f52-4174-47d1-b14a-a81ca37941be"|"5/1/2026"|"7/31/2026"|"8/1/2026 12:41:34"|
"00000005600"|"60abd1b1-c936-4655-bd0d-e3b5ee0b6fcf"|"7/1/2026"|"7/31/2026"|"8/1/2026 12:41:53"|
"00000005700"|"5ab915cb-1d59-4fb9-b6fe-e9f48ea20eec"|"4/2/2024"|"8/1/2026"|"8/1/2026 12:42:12"|
"00000005500"|"5b509f52-4174-47d1-b14a-a81ca37941be"|"5/1/2026"|"7/31/2026"|"8/1/2026 12:43:01"|
"00000005800"|"5e33915a-2bfa-4a09-a714-349832116b11"|"7/1/2026"|"7/31/2026"|"8/1/2026 12:44:37"|
"00000005900"|"5e696449-018e-47b7-8652-ee4d25c690cc"|"7/1/2026"|"8/1/2026"|"8/1/2026 12:55:24"|
"00000006000"|"58d9b14b-0ef7-4e04-9099-4ef06e5667f8"|"1/1/2026"|"7/31/2026"|"8/1/2026 13:17:40"|
"00000006000"|"58d9b14b-0ef7-4e04-9099-4ef06e5667f8"|"1/1/2026"|"7/31/2026"|"8/1/2026 13:18:29"|
"00000006100"|"5934943b-7ad4-458f-a166-b459d1d60c78"|"1/1/2023"|"8/1/2026"|"8/1/2026 14:19:08"|
"00000006200"|"5c44d366-e5d5-4922-ba07-acc93e5986c6"|"8/6/2025"|"8/1/2026"|"8/1/2026 14:19:18"|
"00000006300"|"56e993c4-27ff-48fa-a5f5-963dbf1ff909"|"7/1/2026"|"7/31/2026"|"8/1/2026 14:50:13"|
"00000006400"|"5979bc18-e2e3-4beb-833c-8690557f305c"|"7/1/2026"|"7/31/2026"|"8/1/2026 15:07:17"|
"00000006400"|"5979bc18-e2e3-4beb-833c-8690557f305c"|"7/1/2026"|"7/31/2026"|"8/1/2026 15:08:14"|
"00000006500"|"5a442191-47dd-4607-ae9e-6b102fb72a87"|"7/1/2026"|"7/31/2026"|"8/1/2026 15:13:40"|
"00000006500"|"5a442191-47dd-4607-ae9e-6b102fb72a87"|"7/1/2026"|"7/31/2026"|"8/1/2026 15:15:00"|
"00000006500"|"5a442191-47dd-4607-ae9e-6b102fb72a87"|"7/1/2026"|"7/31/2026"|"8/1/2026 15:21:33"|
"00000006600"|"5c8ee17d-5536-4ab4-807d-33d121d636f0"|"7/1/2026"|"7/31/2026"|"8/1/2026 15:30:35"|
"00000006600"|"5c8ee17d-5536-4ab4-807d-33d121d636f0"|"7/1/2026"|"7/31/2026"|"8/1/2026 15:33:51"|
"00000006600"|"5c8ee17d-5536-4ab4-807d-33d121d636f0"|"7/1/2026"|"7/31/2026"|"8/1/2026 15:36:18"|
"00000006700"|"5e873a1c-b955-498d-a42d-b9a8ba643c6b"|"1/1/2026"|"8/1/2026"|"8/1/2026 15:42:18"|
"00000006700"|"5e873a1c-b955-498d-a42d-b9a8ba643c6b"|"1/1/2026"|"8/1/2026"|"8/1/2026 15:44:00"|
"00000006700"|"5e873a1c-b955-498d-a42d-b9a8ba643c6b"|"1/1/2026"|"8/1/2026"|"8/1/2026 15:45:29"|
"00000006700"|"5e873a1c-b955-498d-a42d-b9a8ba643c6b"|"1/1/2026"|"8/1/2026"|"8/1/2026 15:47:01"|
"00000006700"|"5e873a1c-b955-498d-a42d-b9a8ba643c6b"|"1/1/2026"|"8/1/2026"|"8/1/2026 15:48:54"|
"00000006700"|"5e873a1c-b955-498d-a42d-b9a8ba643c6b"|"1/1/2026"|"8/1/2026"|"8/1/2026 15:49:42"|
"00000006800"|"5f366ade-c985-4825-9b4b-ebb079dcb623"|"9/5/2025"|"8/1/2026"|"8/1/2026 15:51:18"|
"00000006900"|"5d82d2d8-bf13-4565-a550-f4d1dddee39b"|"1/1/2026"|"8/1/2026"|"8/1/2026 15:57:40"|
"00000006900"|"5d82d2d8-bf13-4565-a550-f4d1dddee39b"|"1/1/2026"|"8/1/2026"|"8/1/2026 15:58:19"|
"00000007000"|"59fa708e-d83d-4b13-aa7c-c37b4e4b2ba0"|"7/1/2025"|"7/31/2026"|"8/1/2026 16:09:42"|
"00000007100"|"6737d1ee-6d80-4b92-9dcb-3370d6b5dcd9"|"2/26/2025"|"8/1/2026"|"8/1/2026 16:39:26"|
"00000007200"|"5fbd2fd1-f334-4bfa-9fd3-4f4938654af7"|"1/1/2026"|"7/31/2026"|"8/1/2026 16:59:46"|
"00000007300"|"65c3e4f5-efa4-4763-af17-271cc421ae44"|"5/1/2026"|"8/1/2026"|"8/1/2026 17:06:36"|
"00000007400"|"642e1a3b-1ef4-4741-ad8d-d36a8404539d"|"7/1/2026"|"8/1/2026"|"8/1/2026 17:31:28"|
"00000007100"|"6737d1ee-6d80-4b92-9dcb-3370d6b5dcd9"|"2/26/2025"|"8/1/2026"|"8/1/2026 17:32:15"|
"00000007500"|"64d65b69-e301-482d-8f37-1d178f2157ee"|"8/1/2025"|"8/1/2026"|"8/1/2026 17:40:21"|
"00000005300"|"64b1a262-b99c-46c6-a05b-f1b7210ee604"|"10/24/2023"|"8/1/2026"|"8/1/2026 17:56:27"|
"00000007600"|"5cbfca1f-8d9f-4c7c-b854-bc153a7810da"|"7/1/2026"|"7/31/2026"|"8/1/2026 17:58:17"|
"00000007700"|"5f2b7c91-7f62-47d1-bd84-be5bf2706302"|"1/1/2024"|"8/1/2026"|"8/1/2026 18:12:48"|
"00000007800"|"5c374c45-7b75-47ba-ba44-95ed49fc150b"|"7/1/2026"|"7/31/2026"|"8/1/2026 18:35:15"|
"00000007800"|"5c374c45-7b75-47ba-ba44-95ed49fc150b"|"7/1/2026"|"7/31/2026"|"8/1/2026 18:36:06"|
"00000007900"|"5d606d5e-a5af-4cbe-a8af-7c645ca836de"|"4/1/2026"|"7/31/2026"|"8/1/2026 19:38:06"|
"00000008000"|"57e828d1-802a-4a64-85f8-9c71a9ecf3f9"|"6/1/2026"|"8/31/2026"|"8/1/2026 19:40:26"|
"00000008100"|"5e1f26f3-4933-446a-b2b4-75cc2f0cf791"|"5/1/2026"|"8/1/2026"|"8/1/2026 20:19:20"|
"00000008200"|"5c00007c-86f1-4348-bbf0-0b23a768dd81"|"2/1/2026"|"8/1/2026"|"8/1/2026 20:39:11"|
"00000008200"|"5c00007c-86f1-4348-bbf0-0b23a768dd81"|"2/1/2026"|"8/1/2026"|"8/1/2026 20:40:15"|
"00000008300"|"611ee95a-67f8-46b2-8977-4d319159a9ae"|"10/24/2023"|"8/1/2026"|"8/1/2026 22:29:18"|
"00000008400"|"5fd8d43a-d88e-4c33-9015-18217f739a6a"|"7/1/2026"|"7/31/2026"|"8/1/2026 22:40:52"|
"00000008500"|"5c2f7f4b-4b28-4e8e-a9e3-0ef513080a07"|"6/1/2026"|"7/31/2026"|"8/2/2026 3:01:16"|
"00000008600"|"586adfc9-a478-4075-b85a-274acbb34199"|"10/24/2023"|"8/1/2026"|"8/2/2026 7:31:08"|
"00000008700"|"5dfd32ed-71b2-4356-8c63-8a90efdeb468"|"6/2/2025"|"7/31/2026"|"8/2/2026 7:50:07"|
"00000008800"|"65936442-2e67-4c5c-84df-dcadd6c8d7bd"|"8/1/2026"|"8/1/2026"|"8/2/2026 8:13:06"|
"00000008900"|"69da7e8f-1e9f-4306-8553-b0550d321870"|"4/24/2026"|"8/2/2026"|"8/2/2026 8:24:24"|
"00000003200"|"575f1e53-9b49-4073-a2e3-e8f7094cdc26"|"1/1/2026"|"8/2/2026"|"8/2/2026 8:48:59"|
"00000003200"|"575f1e53-9b49-4073-a2e3-e8f7094cdc26"|"1/1/2026"|"8/2/2026"|"8/2/2026 8:50:11"|
"00000009000"|"5c07c9f9-bf32-4495-a733-65cb0b043038"|"1/1/2025"|"8/1/2026"|"8/2/2026 9:01:44"|
"00000009100"|"5fdb7252-c18c-4004-b2d2-69f03d524ce0"|"7/1/2026"|"7/31/2026"|"8/2/2026 9:21:41"|
"00000009100"|"5fdb7252-c18c-4004-b2d2-69f03d524ce0"|"1/1/2026"|"7/31/2026"|"8/2/2026 9:24:24"|
"00000009200"|"5eb346bc-7e71-4892-8c57-9a69632fc6bb"|"6/3/2025"|"7/28/2026"|"8/2/2026 10:10:15"|
"00000009301"|"58f7d1c6-584e-48ae-9edb-6e3954135a65"|"12/1/2025"|"8/2/2026"|"8/2/2026 10:11:13"|
"00000009400"|"5d6be908-959f-48ac-9f3e-83044e28e760"|"7/1/2026"|"7/31/2026"|"8/2/2026 10:35:02"|
"00000009500"|"5d6530bd-1daf-49cb-8519-fb6225f16363"|"7/1/2026"|"7/31/2026"|"8/2/2026 10:40:01"|
"00000009600"|"66e8da68-709d-49cc-a9cb-cffede8aa429"|"7/1/2026"|"7/31/2026"|"8/2/2026 10:40:44"|
"00000009500"|"5d6530bd-1daf-49cb-8519-fb6225f16363"|"7/1/2026"|"7/31/2026"|"8/2/2026 10:41:06"|
"00000009600"|"66e8da68-709d-49cc-a9cb-cffede8aa429"|"8/1/2026"|"8/1/2026"|"8/2/2026 10:42:44"|
"00000009700"|"5df293e4-fd96-427b-802b-fbdfe8f5b552"|"6/19/2024"|"7/31/2026"|"8/2/2026 10:53:28"|
"00000009800"|"5e5270e6-9568-406d-a1ee-9fe9a125a32c"|"7/1/2024"|"7/31/2026"|"8/2/2026 11:14:02"|
"00000009900"|"6258a4f2-265d-4918-b043-921a927f1bb0"|"5/1/2026"|"8/1/2026"|"8/2/2026 11:26:36"|
"00000010000"|"5c30d7a2-6cf8-451d-820f-12b2b71c346a"|"1/1/2026"|"8/2/2026"|"8/2/2026 11:28:42"|
"00000010100"|"5c4633dd-571f-42b1-b360-2c3ab36b2e71"|"7/1/2026"|"8/2/2026"|"8/2/2026 11:36:12"|
"00000010200"|"632f1827-3eab-4d76-a380-765c4b1deec5"|"4/1/2026"|"7/31/2026"|"8/2/2026 12:17:24"|
"00000010000"|"5c30d7a2-6cf8-451d-820f-12b2b71c346a"|"1/1/2026"|"8/1/2026"|"8/2/2026 12:37:19"|
"00000010300"|"61b0f952-2a72-4626-9cfd-d3d3d857b42b"|"7/1/2026"|"8/2/2026"|"8/2/2026 12:48:25"|
"00000010400"|"663a5f4a-15fc-4af2-a20e-555af8cfa0e7"|"7/1/2026"|"8/2/2026"|"8/2/2026 12:51:39"|
"00000010400"|"663a5f4a-15fc-4af2-a20e-555af8cfa0e7"|"6/1/2026"|"6/30/2026"|"8/2/2026 12:54:34"|
"00000007100"|"6737d1ee-6d80-4b92-9dcb-3370d6b5dcd9"|"7/1/2026"|"7/1/2026"|"8/2/2026 12:55:59"|
"00000010500"|"60fbffe9-081b-4ebf-a672-0abd4d710f74"|"7/30/2026"|"8/2/2026"|"8/2/2026 13:21:08"|
"00000010600"|"5ba5b01a-58fc-43c7-8e18-c92d677c55e9"|"5/1/2026"|"7/31/2026"|"8/2/2026 13:35:22"|
"00000010700"|"5cb3bac3-7c10-4fd8-ad77-0906a32d5332"|"12/1/2024"|"8/2/2026"|"8/2/2026 13:36:44"|
"00000010800"|"629df068-8617-4085-86b8-9a118a4cdc2f"|"8/2/2024"|"8/2/2026"|"8/2/2026 14:43:33"|
"00000010900"|"5d917701-ed75-48d2-991c-991fc5792798"|"5/1/2026"|"8/2/2026"|"8/2/2026 14:50:39"|
"00000011000"|"618d34e0-5110-4bb7-9177-f15bafcbe454"|"1/1/2026"|"7/31/2026"|"8/2/2026 15:07:50"|
"00000011000"|"618d34e0-5110-4bb7-9177-f15bafcbe454"|"1/1/2026"|"7/31/2026"|"8/2/2026 15:09:04"|
"00000011100"|"698faa0a-1beb-4bbc-ace5-b5c842151289"|"5/1/2026"|"7/31/2026"|"8/2/2026 15:15:45"|
"00000011200"|"5c48a171-4a79-4d01-85be-a037d094b17c"|"7/1/2026"|"7/31/2026"|"8/2/2026 15:50:59"|
"00000011300"|"61d7772d-19be-4b0f-b39b-ed2e5ee49786"|"1/1/2026"|"1/1/2026"|"8/2/2026 16:00:00"|
"00000011400"|"5e66c303-f210-4204-b9c8-a7a480c4f423"|"7/1/2024"|"7/31/2026"|"8/2/2026 16:03:57"|
"00000011500"|"61c122a7-6eec-4325-916f-43c1e4af7885"|"4/23/2026"|"8/1/2026"|"8/2/2026 16:26:11"|
"00000011500"|"61c122a7-6eec-4325-916f-43c1e4af7885"|"4/23/2026"|"6/8/2026"|"8/2/2026 16:28:10"|
"00000011600"|"61d5fa00-8500-455b-9d2a-45aaa07e88d6"|"8/28/2023"|"8/2/2026"|"8/2/2026 16:48:29"|
"00000011700"|"5c1eadc2-d7ba-4c1e-9c0a-26c7fd79ff59"|"6/1/2026"|"7/31/2026"|"8/2/2026 17:57:47"|
"00000011801"|"5729e5b7-44a8-41d9-bf2e-17732b78882c"|"1/1/2026"|"8/1/2026"|"8/2/2026 18:33:38"|
"00000011900"|"5c55b516-4939-40f2-bc03-82f7429c908c"|"7/1/2026"|"7/31/2026"|"8/2/2026 18:41:29"|
"00000012000"|"581a0890-1548-4d67-a6ee-01d9f41293de"|"12/30/2023"|"8/1/2026"|"8/2/2026 18:58:18"|
"00000012100"|"58dd8cbc-8a63-45ba-9ef1-819c152705ed"|"7/1/2026"|"8/1/2026"|"8/2/2026 19:11:23"|
"00000012200"|"5d59ed83-e24f-44a2-b4b8-244fe738dcb0"|"1/1/2026"|"6/30/2026"|"8/2/2026 19:11:59"|
"00000012300"|"5c459dfb-33af-4c79-8e96-4a29d4c1ce2d"|"7/1/2025"|"8/1/2026"|"8/2/2026 19:36:30"|
"00000012400"|"5cc86bcc-8ef9-4f94-8f36-5bd05f44280e"|"5/1/2026"|"7/31/2026"|"8/2/2026 20:09:36"|
"00000012500"|"5d305b3b-4d02-4d01-ab23-7321b219119a"|"6/1/2026"|"8/2/2026"|"8/2/2026 20:20:31"|
"00000012600"|"64ab66b6-9cd6-4c88-be70-678e9042b905"|"5/1/2026"|"7/31/2026"|"8/2/2026 20:41:57"|
"00000012700"|"5bbeb057-dc56-459a-9bac-0b37b92c2493"|"8/1/2024"|"8/2/2026"|"8/2/2026 21:02:49"|
"00000012800"|"5f3e5e54-48e9-4968-8af2-345f353faea0"|"1/1/2026"|"7/31/2026"|"8/2/2026 21:51:56"|
"00000012800"|"5f3e5e54-48e9-4968-8af2-345f353faea0"|"1/1/2026"|"7/31/2026"|"8/2/2026 21:53:35"|
"00000012900"|"65919079-4bd1-4a5b-91d3-1836558fde25"|"7/23/2026"|"8/2/2026"|"8/2/2026 22:31:26"|
"00000013000"|"5d098f8e-3a96-4913-87f4-78657cb8a9d8"|"1/1/2026"|"8/2/2026"|"8/2/2026 22:58:16"|
"00000013000"|"5d098f8e-3a96-4913-87f4-78657cb8a9d8"|"1/1/2026"|"8/2/2026"|"8/2/2026 22:59:22"|
"00000013000"|"5d098f8e-3a96-4913-87f4-78657cb8a9d8"|"1/1/2026"|"8/2/2026"|"8/2/2026 23:00:22"|
"00000013100"|"5c716a3a-1320-4dc9-a0c9-554d97a1f4db"|"7/1/2026"|"7/31/2026"|"8/3/2026 1:11:50"|
"00000013200"|"669af82e-e647-4839-9400-0576145880db"|"1/1/2026"|"7/31/2026"|"8/3/2026 1:14:09"|
"00000013300"|"5ed8fa1b-1352-4ecb-b83b-a0d9ce865d0c"|"4/1/2026"|"5/30/2026"|"8/3/2026 7:59:13"|
"00000013400"|"58b8d5f3-d878-4baf-8495-89a051494349"|"7/1/2026"|"8/3/2026"|"8/3/2026 8:03:10"|
"00000013500"|"5fcec66d-6767-4dfb-afc2-4eeb2194374c"|"1/1/2024"|"7/31/2026"|"8/3/2026 8:12:32"|
"00000013600"|"63a10322-1b2e-45e9-b636-fcbb95278c69"|"3/1/2026"|"7/31/2026"|"8/3/2026 8:14:29"|
"00000013700"|"55e9f810-ac44-4459-ab89-6e59431ddf6a"|"7/1/2026"|"7/31/2026"|"8/3/2026 8:17:47"|
"00000000900"|"57dac46e-8324-4e7e-89f4-1dbaeea63548"|"5/1/2026"|"7/31/2026"|"8/3/2026 8:25:39"|
"00000013800"|"598f44f1-9dd2-4172-be87-672b208af469"|"1/12/2023"|"8/1/2026"|"8/3/2026 8:44:45"|
"00000013900"|"5d9a77ee-6f24-4b5e-ad94-52a82dc4f5a5"|"10/15/2023"|"8/1/2026"|"8/3/2026 8:46:57"|
"00000014000"|"634078e1-903e-4cbc-8100-b958a56e0c0e"|"1/31/2024"|"7/31/2026"|"8/3/2026 8:48:34"|
"00000003000"|"5ce8a810-1f6a-4f97-8d92-45eb58293fa7"|"8/5/2024"|"8/2/2026"|"8/3/2026 8:55:37"|
"00000014100"|"55afdad8-0322-4032-b896-1b2a86e22ed0"|"1/1/2026"|"8/3/2026"|"8/3/2026 9:09:09"|
"00000014200"|"6839972e-369e-441e-b28d-e48a8c702036"|"7/1/2026"|"7/31/2026"|"8/3/2026 9:25:09"|
"00000014300"|"68331862-1c58-4865-8c6e-d8ce5fefd590"|"1/1/2026"|"8/3/2026"|"8/3/2026 9:32:49"|
"00000014400"|"5d901b07-2929-4084-baca-79a4c8a983f4"|"7/1/2025"|"8/3/2026"|"8/3/2026 9:45:20"|
"00000014500"|"5e93affe-b311-491d-8b9a-a07bac225255"|"4/14/2025"|"8/3/2026"|"8/3/2026 9:47:45"|
"00000014600"|"6143731b-0950-427e-a86d-665eeee50515"|"2/1/2026"|"8/3/2026"|"8/3/2026 9:51:32"|
"00000014700"|"5c3ca6b8-2063-48c4-9c58-3d0738426094"|"5/1/2026"|"8/2/2026"|"8/3/2026 9:55:01"|
"00000014700"|"5c3ca6b8-2063-48c4-9c58-3d0738426094"|"5/1/2026"|"8/2/2026"|"8/3/2026 9:56:04"|
"00000014700"|"5c3ca6b8-2063-48c4-9c58-3d0738426094"|"5/1/2026"|"8/2/2026"|"8/3/2026 9:57:18"|
"00000014700"|"5c3ca6b8-2063-48c4-9c58-3d0738426094"|"5/1/2026"|"8/2/2026"|"8/3/2026 9:58:01"|
"00000014800"|"55f45c2d-1720-4aba-be6a-c563c533629d"|"1/1/2026"|"8/2/2026"|"8/3/2026 9:58:13"|
"00000014900"|"61f40d66-aa4f-4416-8997-445004e18841"|"4/1/2026"|"7/31/2026"|"8/3/2026 10:11:03"|
"00000015000"|"5f3be706-451b-4aa9-8b52-bc6d306533a8"|"5/1/2026"|"8/3/2026"|"8/3/2026 10:36:21"|
"00000015100"|"58acd4f1-9297-4f85-878c-1c5c83c18ceb"|"3/6/2024"|"8/3/2026"|"8/3/2026 10:43:09"|
"00000015200"|"5d4dde0f-15d3-4436-920d-b0a23e8ae71c"|"7/1/2026"|"8/3/2026"|"8/3/2026 10:49:50"|
"00000015300"|"66a53c09-5f3d-4dd0-a93e-3094974b9fcc"|"7/1/2026"|"8/3/2026"|"8/3/2026 10:58:26"|
"00000015400"|"65986069-11d8-429c-b74c-ddc40d0eac54"|"8/2/2024"|"8/3/2026"|"8/3/2026 11:03:39"|
"00000002600"|"5cb7acbd-2e9f-4dd5-9103-e707eada8079"|"1/1/2026"|"8/3/2026"|"8/3/2026 11:10:53"|
"00000002600"|"5cb7acbd-2e9f-4dd5-9103-e707eada8079"|"1/1/2026"|"8/3/2026"|"8/3/2026 11:11:58"|
"00000015500"|"5fe0f448-cb6c-43cb-9743-977900cf456f"|"5/13/2026"|"8/3/2026"|"8/3/2026 11:26:37"|
"00000015600"|"6844c6af-27ae-47e3-ac41-42bbeaefd5fa"|"5/11/2026"|"8/3/2026"|"8/3/2026 11:26:50"|
"00000015700"|"58ec23b9-4918-4630-a4f1-770662847b98"|"7/1/2026"|"7/31/2026"|"8/3/2026 11:32:29"|
"00000015800"|"5b762291-bd65-4542-99a6-58e9cdd41321"|"6/1/2026"|"7/31/2026"|"8/3/2026 11:38:45"|
"00000015900"|"626f1f94-8c2c-42ea-b5fe-905d99fd794c"|"3/6/2024"|"8/3/2026"|"8/3/2026 11:39:49"|
"00000016000"|"65b509ba-7601-4e5c-8ae4-208494fc3e19"|"7/1/2026"|"8/1/2026"|"8/3/2026 11:41:00"|
"00000016100"|"60c168ad-2cfc-4ca5-a266-baac87f1c95e"|"6/13/2026"|"8/3/2026"|"8/3/2026 11:48:44"|
"00000016200"|"63f6b197-1249-436d-a81c-ad7e9098c715"|"4/2/2025"|"8/2/2026"|"8/3/2026 11:56:54"|
"00000016300"|"5cd30c76-0e74-4366-94f9-ad2bb23d9c8c"|"7/1/2026"|"8/31/2026"|"8/3/2026 11:59:42"|
"00000016400"|"5cb6773e-0f48-4d11-983d-9bcac173d913"|"2/1/2026"|"8/3/2026"|"8/3/2026 12:02:15"|
"00000016500"|"5cf67e93-6f38-41d1-b0b1-9ae30db14dfd"|"7/16/2026"|"8/3/2026"|"8/3/2026 12:04:57"|
"00000016600"|"62e7c04c-e7e4-422d-ab25-e824a92a6950"|"5/1/2026"|"7/31/2026"|"8/3/2026 12:16:09"|
"00000011900"|"5c55b516-4939-40f2-bc03-82f7429c908c"|"7/1/2026"|"7/31/2026"|"8/3/2026 12:19:43"|
"00000016700"|"64e1f6b9-dff7-4487-9902-925268d03057"|"5/1/2026"|"1/2/2026"|"8/3/2026 12:31:37"|
"00000016700"|"64e1f6b9-dff7-4487-9902-925268d03057"|"5/1/2026"|"8/2/2026"|"8/3/2026 12:32:20"|
"00000016800"|"62b27ab9-2a18-406a-a9b1-655a5748b0d2"|"5/27/2026"|"8/3/2026"|"8/3/2026 12:33:40"|
"00000016900"|"56f4276a-cb67-41ac-af81-aeaf75b4ab01"|"5/1/2026"|"8/3/2026"|"8/3/2026 12:43:28"|
"00000017000"|"5b48e9c6-68e7-4aea-897a-df4a6768c44a"|"7/1/2026"|"8/3/2026"|"8/3/2026 13:07:09"|
"00000017100"|"5dc35d38-2b00-401c-8943-e5a1eb948967"|"1/17/2025"|"8/2/2026"|"8/3/2026 13:15:45"|
"00000017100"|"5dc35d38-2b00-401c-8943-e5a1eb948967"|"1/17/2025"|"8/2/2026"|"8/3/2026 13:19:05"|
"00000017200"|"60b12340-46b4-4807-bda8-4a359bbf786d"|"8/2/2024"|"8/3/2026"|"8/3/2026 13:23:47"|
"00000017300"|"5b7c2ec7-ceea-4469-ac8c-6f319880f733"|"9/20/2022"|"8/3/2026"|"8/3/2026 13:27:12"|
"00000017401"|"5ce415a8-769f-439b-872a-4fe925be521a"|"7/1/2026"|"8/3/2026"|"8/3/2026 13:27:39"|
"00000017401"|"5ce415a8-769f-439b-872a-4fe925be521a"|"7/1/2026"|"8/3/2026"|"8/3/2026 13:28:07"|
"00000017500"|"5d1e0bfd-8827-4b82-bfcc-f68dcdeab7c4"|"6/1/2026"|"8/3/2026"|"8/3/2026 13:40:31"|
"00000017600"|"647cf700-595a-4954-85ba-ce868582377c"|"8/2/2026"|"8/3/2026"|"8/3/2026 13:41:04"|
"00000017700"|"60cd01c5-cf14-419e-8d6e-ef7c12369ce4"|"7/1/2025"|"8/3/2026"|"8/3/2026 13:49:26"|
"00000017800"|"6247745e-e43a-49f1-8f37-ab97f9f34f7c"|"7/1/2026"|"7/31/2026"|"8/3/2026 13:49:28"|
"00000017900"|"6038bdad-9839-4eea-851d-22126d160867"|"3/19/2026"|"8/3/2026"|"8/3/2026 13:57:25"|
"00000018000"|"58762061-fb07-4b8c-922c-e726151b794d"|"5/1/2026"|"7/31/2026"|"8/3/2026 13:57:27"|
"00000018100"|"5887da34-dfdc-4a11-9ed5-ec5eaf35b3e6"|"1/1/2026"|"8/3/2026"|"8/3/2026 13:59:58"|
"00000018100"|"5887da34-dfdc-4a11-9ed5-ec5eaf35b3e6"|"1/1/2026"|"8/3/2026"|"8/3/2026 14:01:21"|
"00000018200"|"5ae521a6-e0aa-4ba1-94b4-489505c0683e"|"7/1/2026"|"7/31/2026"|"8/3/2026 14:02:35"|
"00000005700"|"5ab915cb-1d59-4fb9-b6fe-e9f48ea20eec"|"4/2/2024"|"8/3/2026"|"8/3/2026 14:04:02"|
"00000018300"|"5e03fede-117e-4c4d-9319-e00427716153"|"6/1/2026"|"7/31/2026"|"8/3/2026 14:24:55"|
"00000018400"|"62b380c8-2635-4afe-bfb1-d508cb3c3a6c"|"7/11/2024"|"7/31/2026"|"8/3/2026 14:25:00"|
"00000018500"|"587f3667-6257-42ca-b139-12cee7539b5b"|"5/1/2026"|"8/2/2026"|"8/3/2026 14:30:54"|
"00000018500"|"587f3667-6257-42ca-b139-12cee7539b5b"|"5/1/2026"|"8/2/2026"|"8/3/2026 14:31:36"|
"00000013500"|"5fcec66d-6767-4dfb-afc2-4eeb2194374c"|"1/1/2024"|"7/31/2026"|"8/3/2026 14:50:09"|
"00000018600"|"5f387b1f-b218-4522-b612-a729b5ef9f77"|"1/1/2026"|"8/3/2026"|"8/3/2026 14:57:47"|
"00000018600"|"5f387b1f-b218-4522-b612-a729b5ef9f77"|"1/1/2026"|"8/3/2026"|"8/3/2026 14:59:21"|
"00000018600"|"5f387b1f-b218-4522-b612-a729b5ef9f77"|"1/1/2026"|"8/3/2026"|"8/3/2026 15:00:28"|
"00000018700"|"5e584b3f-ba7b-41aa-b523-ff99c7efced4"|"5/1/2026"|"8/3/2026"|"8/3/2026 15:05:52"|
"00000018800"|"55f96e47-f71a-410e-8acf-35bcdb3e5ad4"|"7/1/2026"|"7/31/2026"|"8/3/2026 15:09:20"|
"00000009600"|"66e8da68-709d-49cc-a9cb-cffede8aa429"|"11/2/2024"|"8/3/2026"|"8/3/2026 15:27:24"|
"00000018900"|"630f6e82-481b-42b9-a51c-6e56f51c734a"|"7/1/2026"|"8/3/2026"|"8/3/2026 15:31:07"|
"00000019000"|"5e18d8f6-a809-4136-9d12-1fbe6006cfce"|"5/1/2026"|"8/3/2026"|"8/3/2026 15:33:35"|
"00000019101"|"5c646c9c-985c-4198-aa55-6985dd4bf550"|"8/1/2025"|"8/2/2026"|"8/3/2026 15:37:32"|
"00000019101"|"5c646c9c-985c-4198-aa55-6985dd4bf550"|"8/1/2025"|"8/2/2026"|"8/3/2026 15:38:22"|
"00000019200"|"5be211cb-b3bf-4182-ab8e-1717a8d59846"|"7/9/2026"|"8/3/2026"|"8/3/2026 15:44:07"|
"00000019300"|"58860b67-8e18-49b3-9cd6-6752839a6f12"|"5/30/2026"|"7/1/2026"|"8/3/2026 15:50:57"|
"00000019400"|"57d98900-75cd-47e9-b5a0-b51107ccbe33"|"2/1/2026"|"8/3/2026"|"8/3/2026 15:58:30"|
"00000019500"|"61b10ad0-c43a-4f91-8713-4edc7b371590"|"7/20/2026"|"8/3/2026"|"8/3/2026 16:21:05"|
"00000019600"|"57c49572-cd2e-4922-8b98-453b0f665358"|"4/22/2025"|"8/3/2026"|"8/3/2026 16:31:20"|
"00000019700"|"58a86cac-fffe-466e-a5ca-bf2aa49de41d"|"12/1/2025"|"8/3/2026"|"8/3/2026 16:41:30"|
"00000019800"|"65b55147-88a6-4e4e-a47f-75a609ed3eb3"|"8/3/2025"|"8/3/2026"|"8/3/2026 16:43:54"|
"00000019900"|"618f0880-02ed-45d8-bca1-b6e6fc12527c"|"7/1/2026"|"8/3/2026"|"8/3/2026 16:45:13"|
"00000020000"|"5d23fec7-516f-472a-9677-7d7b3921157c"|"7/1/2026"|"8/3/2026"|"8/3/2026 16:57:01"|
"00000020100"|"5819062a-5494-48a3-b385-8ae1ea0d9f10"|"6/1/2026"|"6/17/2026"|"8/3/2026 17:28:56"|
"00000020200"|"619033ae-a1ea-4a1a-bd63-c179b3a4726f"|"1/1/2026"|"8/2/2026"|"8/3/2026 17:40:37"|
"00000020300"|"5cf16ffa-4c8d-45ec-9c38-84a84fdf07d8"|"7/1/2024"|"7/31/2026"|"8/3/2026 17:45:07"|
"00000020400"|"61696e3a-c66c-47f5-90f8-376a15e4a7f8"|"5/1/2026"|"7/31/2026"|"8/3/2026 17:55:18"|
"00000020500"|"5f70a55c-afc6-4232-9625-8278bb2debce"|"6/1/2026"|"8/3/2026"|"8/3/2026 18:07:35"|
"00000020600"|"63c543bd-b5a1-47c5-9bc4-b5e0643f3675"|"4/1/2026"|"8/3/2026"|"8/3/2026 18:08:18"|
"00000020600"|"63c543bd-b5a1-47c5-9bc4-b5e0643f3675"|"4/1/2026"|"8/3/2026"|"8/3/2026 18:10:03"|
"00000020700"|"5b3220bb-9b88-4c04-9518-177d8bb52fa2"|"7/3/2026"|"8/3/2026"|"8/3/2026 18:16:29"|
"00000020700"|"5b3220bb-9b88-4c04-9518-177d8bb52fa2"|"7/3/2026"|"8/3/2026"|"8/3/2026 18:18:00"|
"00000020700"|"5b3220bb-9b88-4c04-9518-177d8bb52fa2"|"7/3/2026"|"8/3/2026"|"8/3/2026 18:19:22"|
"00000020700"|"5b3220bb-9b88-4c04-9518-177d8bb52fa2"|"7/3/2026"|"8/3/2026"|"8/3/2026 18:20:23"|
"00000020800"|"5d1fea8c-a6c4-4f01-be36-737acacf429e"|"1/1/2026"|"8/1/2026"|"8/3/2026 18:24:24"|
"00000020900"|"5be4d771-12f5-4c94-b175-f50f303d53e1"|"1/1/2024"|"8/3/2026"|"8/3/2026 18:43:55"|
"00000020900"|"5be4d771-12f5-4c94-b175-f50f303d53e1"|"1/1/2024"|"8/3/2026"|"8/3/2026 18:44:56"|
"00000021000"|"68aa01a3-c30b-4412-b050-c6812bfae245"|"5/1/2026"|"7/31/2026"|"8/3/2026 18:50:12"|
"00000021100"|"5d2bdf9f-6084-4c7c-bd94-759e0feacc82"|"7/1/2026"|"8/3/2026"|"8/3/2026 19:29:59"|
"00000021200"|"5fb80921-14bc-4a09-ad04-6dcf2fc3d161"|"7/1/2026"|"7/31/2026"|"8/3/2026 19:31:36"|
"00000021100"|"5d2bdf9f-6084-4c7c-bd94-759e0feacc82"|"8/1/2025"|"8/3/2026"|"8/3/2026 19:40:12"|
"00000021300"|"622a1bfd-913e-42d2-8864-8a5894532865"|"6/30/2026"|"7/31/2026"|"8/3/2026 19:52:28"|
"00000021400"|"62d1f0f1-90d8-4c48-9f82-203437391351"|"5/1/2026"|"7/31/2026"|"8/3/2026 19:53:10"|
"00000021500"|"66ac2d0c-084e-4fa5-884f-27498373604b"|"4/1/2026"|"8/3/2026"|"8/3/2026 19:55:49"|
"00000021600"|"61d4edb1-a7bb-4544-9306-c0872f68e273"|"5/1/2026"|"8/3/2026"|"8/3/2026 20:05:36"|
"00000021700"|"5a632117-b075-4bd7-8811-4a4b57988d97"|"7/22/2025"|"7/22/2026"|"8/3/2026 20:12:59"|
"00000021800"|"60fdc9f1-d090-464f-86a0-8732652c9abe"|"10/9/2025"|"8/3/2026"|"8/3/2026 20:16:33"|
"00000021900"|"5640942c-0af2-4921-9bf1-69a08b76cff0"|"8/5/2024"|"8/3/2026"|"8/3/2026 20:33:11"|
"00000022000"|"5c0d4b9a-7039-44da-bb88-0396dea10506"|"5/1/2024"|"8/3/2026"|"8/3/2026 20:48:27"|
"00000022100"|"612cdd28-d665-4c3f-a2fd-c5362e62546f"|"7/28/2026"|"8/3/2026"|"8/3/2026 20:52:20"|
"00000022200"|"55818101-0641-4e81-8992-6ac466f58ba2"|"5/1/2026"|"7/31/2026"|"8/3/2026 21:21:35"|
"00000022300"|"5c6c30a5-fa85-4ad6-afff-75512a4f27fc"|"5/1/2026"|"7/31/2026"|"8/3/2026 21:25:06"|
"00000022400"|"5d4316e9-3157-46f7-b85e-296eac225131"|"6/1/2026"|"8/3/2026"|"8/3/2026 21:29:54"|
"00000022500"|"62f45814-e969-4fee-90a5-aba999e5d903"|"5/1/2026"|"7/31/2026"|"8/3/2026 21:31:41"|
"00000022600"|"63ada23c-56bb-45c2-b5d9-f708fc8eabcf"|"7/1/2026"|"7/31/2026"|"8/3/2026 21:35:13"|
"00000022700"|"6125b122-5bca-4336-83c1-59da865e8cd5"|"8/1/2025"|"7/31/2026"|"8/3/2026 21:42:02"|
"00000022800"|"5d262524-d718-4857-b86c-d93ea6f3ea2b"|"1/1/2026"|"8/3/2026"|"8/3/2026 22:00:31"|
"00000022900"|"5e46d02c-7a41-4981-ba05-75563b2517f2"|"7/1/2026"|"8/3/2026"|"8/3/2026 22:27:35"|
"00000023000"|"602dbb89-6ca6-45ee-9c68-0cc06d6b1f42"|"7/1/2026"|"7/8/2026"|"8/3/2026 22:27:48"|
"00000023100"|"5597eaba-186e-4f3b-ae2c-33c988b31112"|"5/1/2026"|"8/3/2026"|"8/3/2026 23:39:42"|
"00000023200"|"5ff78d59-16d7-4f67-a3be-332575a3a9e1"|"5/1/2026"|"7/31/2026"|"8/4/2026 0:10:11"|
"00000023300"|"65e4e9f1-b341-4284-ae80-df9858b92079"|"7/14/2024"|"8/4/2026"|"8/4/2026 3:11:43"|
"00000023400"|"59f72358-2d44-4f46-8c6b-06de95849979"|"7/1/2026"|"7/31/2026"|"8/4/2026 6:09:54"|
"00000023400"|"59f72358-2d44-4f46-8c6b-06de95849979"|"7/1/2026"|"7/31/2026"|"8/4/2026 6:10:33"|
"00000023500"|"5c6fca58-e054-476d-b15e-033aebe358f2"|"7/1/2026"|"7/31/2026"|"8/4/2026 6:20:13"|
"00000002200"|"66ce42c8-0499-4a9b-b3a5-0a7176a0a4ec"|"1/1/2026"|"7/31/2026"|"8/4/2026 6:55:02"|
"00000023600"|"5da1ef2c-eff1-4271-9dfc-d1ef436e3abe"|"6/1/2026"|"8/4/2026"|"8/4/2026 7:23:45"|
"00000023700"|"5f7ce2ed-7138-407c-beed-8e5d6e0bc9a6"|"8/1/2026"|"8/4/2026"|"8/4/2026 7:31:44"|
"00000023800"|"571f7801-3da9-478c-8506-820788fceb45"|"7/1/2026"|"8/3/2026"|"8/4/2026 7:36:37"|
"00000023900"|"5a6673b7-82a5-4254-8e14-d33ada9b1835"|"4/24/2026"|"8/4/2026"|"8/4/2026 7:51:10"|
"00000024000"|"5c5dd430-6b07-4879-a5c6-3bd80f12e111"|"6/14/2024"|"8/3/2026"|"8/4/2026 7:51:43"|
"00000018300"|"5e03fede-117e-4c4d-9319-e00427716153"|"6/1/2026"|"7/31/2026"|"8/4/2026 8:01:25"|
"00000024100"|"5a46a1e8-d03b-48f1-9f66-97c97b5c3932"|"7/1/2026"|"8/4/2026"|"8/4/2026 8:13:38"|
"00000024200"|"57f28c83-23e9-45b1-8e85-eca1ee985b58"|"7/31/2026"|"8/4/2026"|"8/4/2026 8:42:09"|
"00000024300"|"5fd0efbf-47eb-49df-834c-b1491962e681"|"5/4/2026"|"8/4/2026"|"8/4/2026 8:49:34"|
"00000024400"|"60096271-d440-40e1-aff2-f418b82edaa5"|"5/1/2024"|"8/3/2026"|"8/4/2026 8:49:49"|
"00000024500"|"6a1572e6-40f4-45e7-9466-9b578314fb00"|"5/27/2026"|"8/4/2026"|"8/4/2026 8:52:30"|
"00000024600"|"5dcafb51-6671-43b8-8640-cce04d896b3c"|"3/27/2023"|"8/3/2026"|"8/4/2026 8:58:38"|
"00000024700"|"5cabd49d-d654-4a11-89ab-a02f49fc36c3"|"7/1/2026"|"8/4/2026"|"8/4/2026 9:02:10"|
"00000024800"|"5e229dbf-0695-46c5-b00b-bff08ea92910"|"8/4/2024"|"8/4/2026"|"8/4/2026 9:46:11"|
"00000024900"|"5be88bb7-6ddb-4cc8-b11d-e18437f551bf"|"1/1/2026"|"8/3/2026"|"8/4/2026 9:52:13"|
"00000025000"|"5d9e012c-d812-41ef-8f4b-24342097a09a"|"8/4/2025"|"8/4/2026"|"8/4/2026 10:19:49"|
"00000025100"|"5d925e4d-13a1-4ab3-b245-f21a886b2abc"|"4/1/2026"|"8/3/2026"|"8/4/2026 10:36:08"|
"00000025200"|"5c704294-15ac-448f-bc14-2d412f7f45aa"|"5/2/2025"|"8/3/2026"|"8/4/2026 10:46:16"|
"00000025300"|"6827c3d4-261d-4dfa-bf19-ba203ff9929a"|"7/1/2026"|"8/4/2026"|"8/4/2026 10:50:22"|
"00000025400"|"5b34c474-04bc-4559-be4f-63f3ed778026"|"7/1/2026"|"7/31/2026"|"8/4/2026 10:53:38"|
"00000025501"|"5fea6e6c-7f8f-44f4-9c35-a30dbe994bb0"|"11/13/2023"|"8/4/2026"|"8/4/2026 11:03:19"|
"00000025600"|"6848b1a7-3558-42b3-8836-51a00fdcc842"|"7/1/2026"|"8/4/2026"|"8/4/2026 11:05:15"|
"00000025400"|"5b34c474-04bc-4559-be4f-63f3ed778026"|"7/1/2026"|"7/31/2026"|"8/4/2026 11:09:55"|
"00000025700"|"5de02d83-fd0c-44f5-9a70-9cc1d3e7ac0b"|"8/4/2024"|"8/4/2026"|"8/4/2026 11:20:05"|
"00000025800"|"5d0a7c44-0a3c-427f-bf7f-e6b4fc8a6fee"|"7/20/2026"|"8/4/2026"|"8/4/2026 11:21:45"|
"00000025900"|"608a120b-60fb-4458-b8e9-b5cc17817c43"|"6/30/2026"|"8/1/2026"|"8/4/2026 11:32:57"|
"00000026000"|"69fb8c65-dc20-49cc-be10-55f0445fbe5c"|"5/6/2026"|"7/25/2026"|"8/4/2026 11:39:48"|
"00000026100"|"5f05dd93-7d5c-4025-a38f-b0749327ae22"|"4/1/2026"|"8/4/2026"|"8/4/2026 11:43:31"|
"00000026100"|"5f05dd93-7d5c-4025-a38f-b0749327ae22"|"4/1/2026"|"8/4/2026"|"8/4/2026 11:45:26"|
"00000026200"|"60529e29-c07e-48dc-9ac2-d3474b61489a"|"8/2/2026"|"8/2/2026"|"8/4/2026 11:53:42"|
"00000026300"|"62030abc-a65c-44aa-82b5-fccab8eed8dc"|"1/1/2026"|"8/4/2026"|"8/4/2026 11:54:24"|
"00000026400"|"687776a7-5df3-48b6-a0a1-55338fc89c2e"|"6/1/2026"|"8/3/2026"|"8/4/2026 12:05:18"|
"00000024900"|"5be88bb7-6ddb-4cc8-b11d-e18437f551bf"|"10/24/2023"|"8/4/2026"|"8/4/2026 12:05:35"|
"00000026500"|"6376d94b-c613-46fb-9213-9315e8f00f64"|"6/1/2024"|"8/4/2026"|"8/4/2026 12:15:43"|
"00000026600"|"5c62eb23-47a4-46dd-b7f1-ad8756c1a21d"|"2/1/2026"|"8/3/2026"|"8/4/2026 12:16:20"|
"00000026700"|"624ae8f2-b02f-4f4b-99ed-fdbdd8c3b934"|"7/1/2026"|"8/4/2026"|"8/4/2026 12:20:57"|
"00000026800"|"5860e030-1c87-4130-8f79-476d0b844ab3"|"1/1/2026"|"8/4/2026"|"8/4/2026 12:21:19"|
"00000026900"|"63938697-4250-4714-9912-cfa9b6878b28"|"8/4/2026"|"8/4/2026"|"8/4/2026 12:28:37"|
"00000027000"|"5c4b84f0-563b-4f37-8965-2c18a5fabfeb"|"5/1/2026"|"7/31/2026"|"8/4/2026 12:28:39"|
"00000027100"|"612d6556-7a6e-4fa7-9965-f6b3a9bcd76b"|"8/1/2025"|"8/3/2026"|"8/4/2026 12:32:59"|
"00000009500"|"5d6530bd-1daf-49cb-8519-fb6225f16363"|"7/1/2026"|"7/31/2026"|"8/4/2026 12:35:53"|
"00000009500"|"5d6530bd-1daf-49cb-8519-fb6225f16363"|"7/1/2026"|"7/31/2026"|"8/4/2026 12:36:37"|
"00000027201"|"5da07931-1299-4404-a257-a6b830af8c26"|"8/4/2025"|"8/3/2026"|"8/4/2026 12:38:15"|
"00000027201"|"5da07931-1299-4404-a257-a6b830af8c26"|"8/4/2025"|"8/4/2026"|"8/4/2026 12:42:21"|
"00000027300"|"56d09fd8-509f-41d4-9f14-3f2f2b765dbf"|"1/1/2026"|"7/31/2026"|"8/4/2026 12:42:58"|
"00000027400"|"6050b950-f54d-433c-beae-ee5d00bb1eb6"|"5/1/2026"|"5/31/2026"|"8/4/2026 12:43:27"|
"00000027400"|"6050b950-f54d-433c-beae-ee5d00bb1eb6"|"5/1/2026"|"5/31/2026"|"8/4/2026 12:44:08"|
"00000027500"|"60e5d2a9-1ac9-4404-ae08-fa79325a87ba"|"7/1/2026"|"8/4/2026"|"8/4/2026 12:51:48"|
"00000027600"|"62f659ad-b8be-40ed-9cf3-5f14eeb8b1cd"|"7/1/2026"|"8/4/2026"|"8/4/2026 12:55:01"|
"00000027700"|"55663b7f-46c8-44a5-9fef-48e0aa0bd48e"|"7/1/2026"|"8/3/2026"|"8/4/2026 12:59:21"|
"00000018900"|"630f6e82-481b-42b9-a51c-6e56f51c734a"|"7/30/2026"|"8/1/2026"|"8/4/2026 13:00:14"|
"00000027800"|"59c9b64a-e509-4608-89da-fd8196a9c110"|"7/1/2026"|"8/3/2026"|"8/4/2026 13:10:39"|
"00000027800"|"59c9b64a-e509-4608-89da-fd8196a9c110"|"7/1/2026"|"8/3/2026"|"8/4/2026 13:12:21"|
"00000027900"|"68cc10dc-b1a5-4f58-ba64-9d9936fcfc7a"|"5/1/2026"|"7/31/2026"|"8/4/2026 13:14:43"|
"00000028000"|"55ddb1ed-7a76-4404-9628-3976af5ffe0e"|"3/21/2026"|"8/4/2026"|"8/4/2026 13:15:46"|
"00000028101"|"633c5c3f-cfde-4628-8d38-f24d41155785"|"5/1/2026"|"7/31/2026"|"8/4/2026 13:17:18"|
"00000028200"|"61d1fb86-b250-4b0f-ba20-cfa583563efc"|"7/1/2026"|"8/4/2026"|"8/4/2026 13:25:12"|
"00000028300"|"5c389532-0f24-48a2-8d10-dc52c79409ea"|"6/1/2026"|"7/31/2026"|"8/4/2026 13:26:55"|
"00000028300"|"5c389532-0f24-48a2-8d10-dc52c79409ea"|"6/1/2026"|"7/31/2026"|"8/4/2026 13:27:30"|
"00000028400"|"5ebf3d1e-7df4-4b7b-a4fb-1241054f318a"|"6/4/2026"|"8/4/2026"|"8/4/2026 13:34:42"|
"00000028500"|"59d1165e-9c89-47df-baea-278f23745d1e"|"7/16/2025"|"8/4/2026"|"8/4/2026 13:41:52"|
"00000028600"|"64f5f493-6c62-49a0-90ca-aea537f17dbc"|"7/16/2024"|"8/4/2026"|"8/4/2026 13:48:38"|
"00000028700"|"6044f98e-2f06-4d1e-af7d-3e3d8b37beac"|"3/1/2026"|"8/4/2026"|"8/4/2026 13:54:46"|
"00000028800"|"63a1da57-467b-49cd-9005-5f42e157da0c"|"7/1/2026"|"8/3/2026"|"8/4/2026 13:59:27"|
"00000028900"|"5faf1a54-0f1b-4060-b453-90f8c9cef131"|"6/6/2026"|"7/15/2026"|"8/4/2026 13:59:51"|
"00000029000"|"5a822e93-acac-4907-8d3f-4da53de1d4ea"|"5/1/2026"|"7/31/2026"|"8/4/2026 14:02:26"|
"00000029000"|"5a822e93-acac-4907-8d3f-4da53de1d4ea"|"5/1/2026"|"8/3/2026"|"8/4/2026 14:04:33"|
"00000029000"|"5a822e93-acac-4907-8d3f-4da53de1d4ea"|"5/1/2026"|"8/3/2026"|"8/4/2026 14:05:22"|
"00000025800"|"5d0a7c44-0a3c-427f-bf7f-e6b4fc8a6fee"|"7/1/2026"|"8/4/2026"|"8/4/2026 14:06:43"|
"00000029100"|"5fd2c07e-5d8c-48d6-8317-7eaff7d20369"|"7/1/2026"|"8/4/2026"|"8/4/2026 14:15:40"|
"00000029200"|"59f32b2c-3b26-47c7-ada8-52acd31e9c41"|"5/1/2026"|"7/31/2026"|"8/4/2026 14:18:53"|
"00000029300"|"5f0661b9-b477-44fc-a7fb-e1af4fa21f7a"|"7/31/2026"|"8/4/2026"|"8/4/2026 14:38:06"|
"00000029400"|"632f6073-4664-4ab2-8490-a3fc3ca3ed77"|"1/1/2022"|"8/4/2026"|"8/4/2026 15:02:05"|
"00000029400"|"632f6073-4664-4ab2-8490-a3fc3ca3ed77"|"1/1/2022"|"8/4/2026"|"8/4/2026 15:03:08"|
"00000029500"|"5cf6eb82-dfbc-4031-b183-06f9dc39fabd"|"8/1/2026"|"8/3/2026"|"8/4/2026 15:03:35"|
"00000029400"|"632f6073-4664-4ab2-8490-a3fc3ca3ed77"|"1/1/2022"|"8/4/2026"|"8/4/2026 15:04:20"|
"00000029400"|"632f6073-4664-4ab2-8490-a3fc3ca3ed77"|"1/1/2022"|"8/4/2026"|"8/4/2026 15:05:06"|
"00000029500"|"5cf6eb82-dfbc-4031-b183-06f9dc39fabd"|"8/1/2026"|"8/3/2026"|"8/4/2026 15:13:58"|
"00000029500"|"5cf6eb82-dfbc-4031-b183-06f9dc39fabd"|"8/1/2026"|"8/3/2026"|"8/4/2026 15:18:32"|
"00000029500"|"5cf6eb82-dfbc-4031-b183-06f9dc39fabd"|"7/1/2026"|"7/31/2026"|"8/4/2026 15:19:35"|
"00000029600"|"668422c1-a3a6-4ad1-b397-e114758dac1b"|"8/1/2024"|"8/3/2026"|"8/4/2026 15:20:01"|
"00000029700"|"5c158035-bbb5-4de5-8c9c-209ce3cb2fde"|"7/1/2026"|"7/31/2026"|"8/4/2026 15:27:21"|
"00000029400"|"632f6073-4664-4ab2-8490-a3fc3ca3ed77"|"1/1/2026"|"8/3/2026"|"8/4/2026 15:27:41"|
"00000029400"|"632f6073-4664-4ab2-8490-a3fc3ca3ed77"|"1/1/2026"|"8/3/2026"|"8/4/2026 15:28:57"|
"00000029800"|"61afdd9e-de42-4ca0-aa6a-41683bc6922c"|"9/24/2024"|"8/4/2026"|"8/4/2026 15:29:18"|
"00000029900"|"592cc07d-48fc-4f9a-b57b-679fa5e8c439"|"9/26/2025"|"8/4/2026"|"8/4/2026 15:31:08"|
"00000029400"|"632f6073-4664-4ab2-8490-a3fc3ca3ed77"|"1/1/2026"|"8/3/2026"|"8/4/2026 15:31:27"|
"00000029400"|"632f6073-4664-4ab2-8490-a3fc3ca3ed77"|"1/1/2026"|"8/3/2026"|"8/4/2026 15:33:06"|
"00000009400"|"5d6be908-959f-48ac-9f3e-83044e28e760"|"7/1/2026"|"8/31/2026"|"8/4/2026 15:41:07"|
"00000030000"|"5d56f02f-a833-4865-b2c2-63f343ad3eac"|"1/6/2023"|"8/4/2026"|"8/4/2026 15:41:47"|
"00000030000"|"5d56f02f-a833-4865-b2c2-63f343ad3eac"|"1/6/2023"|"8/4/2026"|"8/4/2026 15:42:40"|
"00000030100"|"5c19b602-19d7-4e3a-8ce6-da6c7622c8e7"|"7/1/2026"|"8/4/2026"|"8/4/2026 15:43:01"|
"00000030200"|"66e7687f-0d37-40e7-8428-5feebb98002a"|"8/1/2026"|"8/4/2026"|"8/4/2026 15:50:44"|
"00000030300"|"5f9058af-fe69-4450-8785-7e526b557ff6"|"5/1/2026"|"7/31/2026"|"8/4/2026 16:22:20"|
"00000030400"|"5715113f-433c-4ecf-9604-63b865556e9d"|"7/1/2024"|"8/3/2026"|"8/4/2026 16:23:17"|
"00000030500"|"5f6bb441-20d9-4f40-8127-83fa13519446"|"7/1/2026"|"8/3/2026"|"8/4/2026 16:24:08"|
"00000030400"|"5715113f-433c-4ecf-9604-63b865556e9d"|"7/1/2024"|"8/3/2026"|"8/4/2026 16:24:09"|
"00000030500"|"5f6bb441-20d9-4f40-8127-83fa13519446"|"7/1/2026"|"8/3/2026"|"8/4/2026 16:25:20"|
"00000030600"|"5c533869-ce79-4821-8f36-2f2bf254b487"|"4/1/2026"|"8/4/2026"|"8/4/2026 16:36:12"|
"00000030700"|"5c4f5143-850c-48b5-b319-8098e91a3e28"|"8/4/2026"|"8/4/2026"|"8/4/2026 16:42:42"|
"00000030800"|"56cd1cb6-f471-4174-b090-8a304fda108f"|"1/1/2026"|"8/4/2026"|"8/4/2026 16:43:10"|
"00000030900"|"5d46dcdc-9840-48a9-8d13-e7f3f3649688"|"10/1/2025"|"7/31/2026"|"8/4/2026 17:08:04"|
"00000031000"|"5b56740d-f6a5-4bae-bf36-e0c143613546"|"1/1/2026"|"8/3/2026"|"8/4/2026 17:29:08"|
"00000031100"|"5724c4e5-7902-4ed4-ba96-e4c4c671dad4"|"7/17/2024"|"8/4/2026"|"8/4/2026 18:06:36"|
"00000031200"|"5c582acb-1465-4adc-8ba7-1c25f2f40018"|"5/1/2026"|"7/1/2026"|"8/4/2026 18:10:25"|
"00000031300"|"625b8c2a-f74c-44fc-9bc7-862c95d45db0"|"4/6/2026"|"8/4/2026"|"8/4/2026 18:26:50"|
"00000031400"|"5bb93c36-7e43-4c18-8b08-20f6e70e3ea6"|"1/1/2026"|"8/3/2026"|"8/4/2026 18:51:52"|
"00000031500"|"5b0da6b4-ca9f-42d2-8321-5c66c1ba593d"|"1/1/2026"|"7/31/2026"|"8/4/2026 19:35:20"|
"00000031600"|"5de6d583-5735-4675-833e-066232f2a8bb"|"1/1/2020"|"8/3/2026"|"8/4/2026 19:37:40"|
"00000031700"|"55dba5fd-cd70-494c-8e1c-05f5fff21108"|"8/1/2025"|"8/3/2026"|"8/4/2026 19:43:01"|
"00000031800"|"5ceb1cf3-7ede-46e5-9b71-90e29706889b"|"5/4/2026"|"8/4/2026"|"8/4/2026 19:49:18"|
"00000031800"|"5ceb1cf3-7ede-46e5-9b71-90e29706889b"|"5/4/2026"|"5/4/2026"|"8/4/2026 19:52:51"|
"00000031900"|"5c49b5f2-cbc5-4ed9-80e8-17b77028a657"|"8/1/2026"|"8/4/2026"|"8/4/2026 20:13:19"|
"00000031900"|"5c49b5f2-cbc5-4ed9-80e8-17b77028a657"|"8/1/2026"|"8/4/2026"|"8/4/2026 20:14:27"|
"00000032000"|"5d8632b7-bde9-400e-a77d-8861d7043143"|"7/1/2026"|"7/31/2026"|"8/4/2026 20:37:02"|
"00000032100"|"617b03fb-93c3-4eba-8896-06621e7d9490"|"1/1/2023"|"8/4/2026"|"8/4/2026 20:55:12"|
"00000032200"|"60491a5e-bbd4-442a-a266-96d8d7c4a5db"|"8/4/2026"|"8/4/2026"|"8/4/2026 20:55:58"|
"00000032300"|"568ce2c4-315c-4190-9040-7768b8b3d78c"|"7/1/2026"|"8/4/2026"|"8/4/2026 21:03:50"|
"00000031900"|"5c49b5f2-cbc5-4ed9-80e8-17b77028a657"|"4/1/2026"|"7/31/2026"|"8/4/2026 21:11:33"|
"00000031900"|"5c49b5f2-cbc5-4ed9-80e8-17b77028a657"|"4/1/2026"|"7/31/2026"|"8/4/2026 21:12:49"|
"00000032400"|"66ae67ee-3e7a-4b70-9bd2-1a21dbdddc91"|"7/1/2026"|"8/1/2026"|"8/4/2026 21:26:15"|
"00000032500"|"5c090b68-84a2-4979-b072-0b429beb18e9"|"2/1/2026"|"8/4/2026"|"8/4/2026 22:10:20"|
"00000032600"|"5ea77302-558e-4a0e-9e57-a5fc410a9c4e"|"6/4/2026"|"8/4/2026"|"8/4/2026 23:17:59"|
"00000032700"|"60fdfa47-b6b1-474e-a96b-2464e9935167"|"6/1/2026"|"8/4/2026"|"8/4/2026 23:34:00"|
"00000032700"|"60fdfa47-b6b1-474e-a96b-2464e9935167"|"7/1/2026"|"8/1/2026"|"8/5/2026 0:07:46"|
"00000032800"|"68255cc9-11d1-4864-b75d-a06397a83651"|"3/1/2025"|"8/4/2026"|"8/5/2026 7:03:07"|
"00000013300"|"5ed8fa1b-1352-4ecb-b83b-a0d9ce865d0c"|"9/1/2026"|"8/4/2026"|"8/5/2026 8:03:10"|
"00000005600"|"60abd1b1-c936-4655-bd0d-e3b5ee0b6fcf"|"7/1/2026"|"7/31/2026"|"8/5/2026 8:03:55"|
"00000003000"|"5ce8a810-1f6a-4f97-8d92-45eb58293fa7"|"8/5/2024"|"8/4/2026"|"8/5/2026 8:27:41"|
"00000032900"|"5cc73e5c-66bf-4cf9-96fc-7453ddd706a8"|"1/9/2023"|"8/4/2026"|"8/5/2026 8:46:57"|
"00000033000"|"5ad4de4a-76e2-4856-87f9-9a4093c102ca"|"5/1/2026"|"7/31/2026"|"8/5/2026 8:48:24"|
"00000033100"|"5729f842-53d6-4e74-a0dd-43eb80a69711"|"1/1/2026"|"8/4/2026"|"8/5/2026 8:56:47"|
"00000033200"|"5a03c62e-fb39-4af1-8bc6-4a78ed30af63"|"1/1/2026"|"8/5/2026"|"8/5/2026 9:23:50"|
"00000033300"|"6094aee7-dc26-4ca4-a4f5-1f0bac168b7e"|"3/1/2024"|"8/5/2026"|"8/5/2026 9:34:34"|
"00000018300"|"5e03fede-117e-4c4d-9319-e00427716153"|"6/1/2026"|"7/31/2026"|"8/5/2026 9:46:39"|
"00000005800"|"5e33915a-2bfa-4a09-a714-349832116b11"|"7/1/2026"|"7/31/2026"|"8/5/2026 9:48:20"|
"00000033400"|"629d529c-5e59-48e0-ab44-9e5a5abc3215"|"1/1/2026"|"8/5/2026"|"8/5/2026 9:52:01"|
"00000033500"|"6325b314-959c-4332-981f-e8c37b96c126"|"5/1/2026"|"8/5/2026"|"8/5/2026 9:54:42"|
"00000023600"|"5da1ef2c-eff1-4271-9dfc-d1ef436e3abe"|"6/20/2026"|"8/4/2026"|"8/5/2026 10:00:48"|
"00000023600"|"5da1ef2c-eff1-4271-9dfc-d1ef436e3abe"|"2/20/2026"|"8/4/2026"|"8/5/2026 10:01:54"|
"00000033601"|"5f4e7fe6-1069-4892-8f21-d3c76ac1e2eb"|"8/1/2026"|"8/5/2026"|"8/5/2026 10:09:23"|
"00000033601"|"5f4e7fe6-1069-4892-8f21-d3c76ac1e2eb"|"1/1/2024"|"8/5/2026"|"8/5/2026 10:12:35"|
"00000033700"|"66ec372b-1650-4756-b405-de81b01538bc"|"7/1/2026"|"8/5/2026"|"8/5/2026 10:20:13"|
"00000033800"|"5cb63234-ac74-40b8-8150-59113a3ca386"|"5/1/2025"|"8/4/2026"|"8/5/2026 10:47:54"|
"00000033900"|"5726bcf8-aaee-4cff-b9e6-db5efffb496f"|"7/1/2026"|"8/4/2026"|"8/5/2026 10:54:15"|
"00000034000"|"6312cab9-48db-44aa-8aff-bcc0e088373d"|"4/25/2025"|"8/5/2026"|"8/5/2026 11:16:36"|
"00000034100"|"5b9aab0c-d264-4221-9c1c-32d5c3dbca9e"|"7/1/2026"|"8/4/2026"|"8/5/2026 11:27:19"|
"00000034100"|"5b9aab0c-d264-4221-9c1c-32d5c3dbca9e"|"7/1/2026"|"8/4/2026"|"8/5/2026 11:29:09"|
"00000034100"|"5b9aab0c-d264-4221-9c1c-32d5c3dbca9e"|"7/1/2026"|"8/4/2026"|"8/5/2026 11:32:03"|
"00000034100"|"5b9aab0c-d264-4221-9c1c-32d5c3dbca9e"|"7/1/2026"|"8/4/2026"|"8/5/2026 11:33:08"|
"00000034200"|"5fb27a55-d8f8-4030-8404-cce9a196a71d"|"10/24/2023"|"8/4/2026"|"8/5/2026 11:34:29"|
"00000034300"|"5d4c70e9-5c24-4cf9-8a5b-aa60d4d4e32d"|"1/1/2026"|"8/5/2026"|"8/5/2026 11:37:51"|
"00000034400"|"5b081841-ff2d-4677-93ca-a94f00621bc6"|"5/5/2026"|"8/5/2026"|"8/5/2026 11:39:08"|
"00000034500"|"5d4f864f-a595-4789-b9b5-a3f0b0da91a2"|"3/1/2026"|"6/30/2026"|"8/5/2026 11:48:44"|
"00000034600"|"5d474471-9fcd-4003-93e1-c6ff0f95ed3b"|"7/1/2026"|"7/31/2026"|"8/5/2026 11:49:39"|
"00000034500"|"5d4f864f-a595-4789-b9b5-a3f0b0da91a2"|"3/1/2026"|"6/30/2026"|"8/5/2026 11:49:50"|
"00000034700"|"606f3230-3289-457a-80ad-979f5418c07a"|"6/1/2026"|"8/5/2026"|"8/5/2026 12:36:53"|
"00000034800"|"5c3499e9-4e8d-42ac-a93e-42950735e622"|"7/1/2026"|"7/31/2026"|"8/5/2026 12:42:52"|
"00000034900"|"5fd27f29-e657-496d-a88f-bacc1444ebd6"|"2/1/2026"|"8/4/2026"|"8/5/2026 12:46:20"|
"00000034900"|"5fd27f29-e657-496d-a88f-bacc1444ebd6"|"2/1/2026"|"8/4/2026"|"8/5/2026 12:47:32"|
"00000034800"|"5c3499e9-4e8d-42ac-a93e-42950735e622"|"7/1/2026"|"7/31/2026"|"8/5/2026 12:51:59"|
"00000035000"|"5d8bfa98-d791-4d43-a6f8-730917a455d6"|"7/22/2026"|"8/5/2026"|"8/5/2026 12:52:47"|
"00000035100"|"5ea4435e-eed3-4f0f-9402-6f218872db6d"|"6/28/2025"|"8/4/2026"|"8/5/2026 12:54:41"|
"00000035200"|"627bff0e-5023-470a-9924-3e110da2e879"|"7/1/2026"|"8/4/2026"|"8/5/2026 12:59:13"|
"00000035301"|"5f7671a6-e347-4ff7-bde5-8221f96a8313"|"7/4/2024"|"8/5/2026"|"8/5/2026 13:09:29"|
"00000035400"|"5d4c2fec-1e6d-45dc-8e84-e9c41efd135d"|"1/1/2026"|"8/4/2026"|"8/5/2026 13:23:40"|
"00000022500"|"62f45814-e969-4fee-90a5-aba999e5d903"|"5/1/2026"|"7/31/2026"|"8/5/2026 13:34:20"|
"00000035500"|"5d039b25-e828-44de-b4e8-78125aaf9210"|"2/1/2026"|"8/5/2026"|"8/5/2026 13:38:27"|
"00000035500"|"5d039b25-e828-44de-b4e8-78125aaf9210"|"2/1/2026"|"8/5/2026"|"8/5/2026 13:39:12"|
"00000035500"|"5d039b25-e828-44de-b4e8-78125aaf9210"|"2/1/2026"|"8/5/2026"|"8/5/2026 13:39:41"|
"00000035600"|"5cdec44e-98db-462e-88da-cae47900b446"|"5/5/2026"|"8/5/2026"|"8/5/2026 13:42:48"|
"00000035700"|"5d862497-3798-4e0d-b5ad-beb9db9ae267"|"6/4/2025"|"8/4/2026"|"8/5/2026 13:48:11"|
"00000035800"|"5fa4fd6c-9aea-4827-a534-5caa6f4a2064"|"2/1/2026"|"8/5/2026"|"8/5/2026 13:48:44"|
"00000035700"|"5d862497-3798-4e0d-b5ad-beb9db9ae267"|"6/4/2025"|"8/4/2026"|"8/5/2026 13:48:49"|
"00000035800"|"5fa4fd6c-9aea-4827-a534-5caa6f4a2064"|"2/1/2026"|"8/5/2026"|"8/5/2026 13:50:16"|
"00000035900"|"5dbe2f22-86fa-44d7-b255-6932b7afb236"|"7/15/2026"|"8/4/2026"|"8/5/2026 13:54:52"|
"00000015700"|"58ec23b9-4918-4630-a4f1-770662847b98"|"7/1/2026"|"8/4/2026"|"8/5/2026 13:59:00"|
"00000036000"|"5f807b9d-62a0-451f-82ce-a2004c870318"|"7/6/2026"|"8/5/2026"|"8/5/2026 14:04:42"|
"00000036100"|"5d95795a-17c7-4de7-a7d0-37b85a6cdb64"|"10/1/2025"|"12/31/2025"|"8/5/2026 14:13:16"|
"00000036201"|"5c97fc4d-6fd5-4a72-a9c4-d3b0728ef03b"|"8/1/2025"|"8/5/2026"|"8/5/2026 14:25:55"|
"00000036300"|"654d4e61-54bf-4970-949a-d422d1b315c8"|"5/1/2026"|"7/31/2026"|"8/5/2026 14:36:14"|
"00000036300"|"654d4e61-54bf-4970-949a-d422d1b315c8"|"5/1/2026"|"7/31/2026"|"8/5/2026 14:37:37"|
"00000036400"|"58e23e6c-effc-4c7b-a3d0-c2a4757da83d"|"4/1/2026"|"8/5/2026"|"8/5/2026 14:55:07"|
"00000036500"|"6823c463-88e3-4168-9292-ae082558168d"|"5/14/2025"|"8/4/2026"|"8/5/2026 15:02:59"|
"00000036600"|"5d12b2c0-b30e-425d-abe0-330c97a039af"|"9/7/2022"|"8/4/2026"|"8/5/2026 15:05:06"|
"00000036700"|"5fa2a496-10f3-4d7a-841a-56f86d9e98ad"|"6/1/2026"|"6/30/2026"|"8/5/2026 15:07:03"|
"00000036800"|"6917833a-337c-4f9d-9d15-f28dae3b944f"|"5/1/2026"|"8/5/2026"|"8/5/2026 15:21:35"|
"00000036900"|"599c75c8-627a-4414-b898-5631a7569214"|"7/1/2026"|"7/31/2026"|"8/5/2026 15:29:07"|
"00000037000"|"64e4ad5c-300c-4a7e-acda-3f6c8a889b55"|"1/1/2026"|"8/5/2026"|"8/5/2026 15:34:23"|
"00000037100"|"63164497-1875-4a04-9577-6a0416447430"|"8/1/2025"|"8/6/2026"|"8/5/2026 15:42:41"|
"00000037100"|"63164497-1875-4a04-9577-6a0416447430"|"1/2/2025"|"8/6/2026"|"8/5/2026 15:43:41"|
"00000037200"|"5ea0c48a-c726-42bc-909e-9367ee3112d9"|"7/1/2026"|"8/5/2026"|"8/5/2026 15:45:13"|
"00000037300"|"5f2f1688-3735-4437-beb0-ec4f94360100"|"8/1/2026"|"8/5/2026"|"8/5/2026 15:46:21"|
"00000037400"|"5f05d531-e407-4e52-b608-18bd4c1df154"|"7/1/2026"|"8/5/2026"|"8/5/2026 15:54:25"|
"00000037500"|"66200e31-333c-441c-ac73-4d28d63f41e5"|"5/1/2026"|"8/5/2026"|"8/5/2026 16:01:37"|
"00000022000"|"5c0d4b9a-7039-44da-bb88-0396dea10506"|"4/29/2024"|"8/4/2026"|"8/5/2026 16:07:09"|
"00000018200"|"5ae521a6-e0aa-4ba1-94b4-489505c0683e"|"7/1/2026"|"8/4/2026"|"8/5/2026 16:13:05"|
"00000037600"|"5b4bdc04-f92d-4814-a9e7-b486442f54e4"|"5/1/2026"|"8/5/2026"|"8/5/2026 16:14:42"|
"00000037700"|"5b685d9d-cee9-4e7e-bfe2-8a72514b4411"|"1/1/2026"|"8/5/2026"|"8/5/2026 16:18:10"|
"00000037800"|"5b5991a4-9666-434a-b31d-b12188ffd8be"|"7/1/2026"|"8/4/2026"|"8/5/2026 16:22:04"|
"00000037900"|"5cbe6748-6ad3-4024-bea8-284a66b13106"|"6/1/2026"|"8/4/2026"|"8/5/2026 16:25:28"|
"00000038000"|"58455f47-1e80-4d7e-97c0-027a68b25685"|"8/1/2025"|"8/7/2026"|"8/7/2026 15:02:42"|
"00000038100"|"562bc029-8f75-42ac-b91b-d65d17400013"|"5/1/2026"|"8/6/2026"|"8/7/2026 15:05:24"|
"00000038100"|"562bc029-8f75-42ac-b91b-d65d17400013"|"5/1/2026"|"8/6/2026"|"8/7/2026 15:06:04"|
"00000038100"|"562bc029-8f75-42ac-b91b-d65d17400013"|"5/1/2026"|"8/6/2026"|"8/7/2026 15:06:50"|
"00000038200"|"5db75568-d0db-491b-b9b2-a7fbb8648028"|"5/1/2026"|"7/31/2026"|"8/7/2026 15:16:29"|
"00000038300"|"696b7102-44e5-49a1-b280-d84cfa4a80f3"|"1/17/2026"|"8/7/2026"|"8/7/2026 15:19:12"|
"00000038400"|"5f9da4d5-ef6c-46f4-9b57-b7bf4d831c00"|"8/1/2026"|"8/7/2026"|"8/7/2026 15:51:54"|
"00000005600"|"60abd1b1-c936-4655-bd0d-e3b5ee0b6fcf"|"7/1/2026"|"7/31/2026"|"8/7/2026 16:17:51"|
"00000038500"|"5e823477-981c-474b-a69d-2b868ab52951"|"7/1/2026"|"8/7/2026"|"8/7/2026 16:19:22"|
"00000038600"|"5f089761-05e5-4424-b7cb-90568fc5ddaf"|"1/1/2026"|"8/7/2026"|"8/7/2026 16:26:15"|
"00000038700"|"5a7a2d5c-ec97-4239-8c58-897491c67e9e"|"5/6/2026"|"8/6/2026"|"8/7/2026 16:42:25"|
"00000038800"|"60119bb3-01e2-43fb-a4a3-9f92cf7e3099"|"12/12/2024"|"8/7/2026"|"8/7/2026 16:48:50"|
"00000038900"|"5e0e33d4-7395-4640-a840-5f31dab28068"|"8/1/2026"|"8/6/2026"|"8/7/2026 17:16:42"|
"00000038900"|"5e0e33d4-7395-4640-a840-5f31dab28068"|"7/1/2026"|"7/31/2026"|"8/7/2026 17:31:06"|
"00000039000"|"5a4d8c13-7e8a-43c6-a6f6-4c44caa6766f"|"8/6/2025"|"8/6/2026"|"8/7/2026 17:57:58"|
"00000039100"|"5f4d8aa1-2433-4caa-b836-ab0fea4d3264"|"8/7/2026"|"8/7/2026"|"8/7/2026 18:16:58"|
"00000039200"|"5da1da09-97dd-4a2a-a126-ae9afd92259a"|"8/1/2026"|"8/7/2026"|"8/7/2026 18:27:43"|
"00000039300"|"5c92ef39-02ee-42d2-80b9-d57c624b9749"|"3/1/2026"|"4/30/2026"|"8/7/2026 18:28:22"|
"00000039400"|"5e08ac96-04b1-44fa-964b-f4d14082c7c8"|"3/22/2023"|"8/7/2026"|"8/7/2026 18:42:40"|
"00000039400"|"5e08ac96-04b1-44fa-964b-f4d14082c7c8"|"8/13/2024"|"8/7/2026"|"8/7/2026 18:43:36"|
"00000039400"|"5e08ac96-04b1-44fa-964b-f4d14082c7c8"|"1/24/2025"|"8/7/2026"|"8/7/2026 18:44:18"|
"00000039500"|"61d9cdf0-2f2f-45ce-bf92-5ea414422810"|"6/1/2026"|"8/7/2026"|"8/7/2026 18:44:28"|
"00000039600"|"64b694f7-be7c-4d72-9ea9-ddd855f9723c"|"8/1/2026"|"8/7/2026"|"8/7/2026 19:03:45"|
"00000039700"|"59b5c9d8-6cd9-4cfd-9cab-a0db11db1896"|"7/1/2026"|"7/31/2026"|"8/7/2026 19:05:01"|
"00000039700"|"59b5c9d8-6cd9-4cfd-9cab-a0db11db1896"|"7/1/2026"|"7/31/2026"|"8/7/2026 19:05:54"|
"00000039800"|"620fd161-f841-4ade-8336-7aa44e85925a"|"4/7/2026"|"8/6/2026"|"8/7/2026 19:11:07"|
"00000039900"|"5d227234-3bfa-4ce5-a0ff-bea2791a681f"|"7/17/2026"|"8/6/2026"|"8/7/2026 19:20:27"|
"00000040000"|"5d0e5ff1-b84d-4e9d-af71-a537a066aa83"|"8/1/2026"|"8/7/2026"|"8/7/2026 19:21:08"|
"00000039900"|"5d227234-3bfa-4ce5-a0ff-bea2791a681f"|"7/18/2026"|"8/6/2026"|"8/7/2026 19:55:17"|
"00000040100"|"5f850bdc-8d68-492d-926c-bb3e0a0d3df8"|"7/1/2026"|"8/7/2026"|"8/7/2026 20:00:50"|
"00000040200"|"63e1567a-9097-4801-b770-596e892b3c6d"|"8/1/2026"|"8/7/2026"|"8/7/2026 20:03:50"|
"00000040300"|"6671a774-b625-44fe-8c0f-24f1aa49fa18"|"8/1/2026"|"8/7/2026"|"8/7/2026 20:43:52"|
"00000040400"|"5d3c5630-1f86-4564-ae74-ec1df5e9281a"|"1/1/2026"|"8/7/2026"|"8/7/2026 21:31:55"|
"00000040500"|"5e3cf385-8212-4f84-bfee-f2e5cd97392b"|"6/1/2026"|"8/6/2026"|"8/7/2026 22:04:33"|
"00000040600"|"5edd4ae3-fe01-47c0-b4b7-dc7cc5aeee81"|"8/1/2026"|"8/7/2026"|"8/7/2026 22:19:54"|
"00000007600"|"5cbfca1f-8d9f-4c7c-b854-bc153a7810da"|"7/1/2026"|"7/30/2026"|"8/7/2026 23:27:23"|
"00000040700"|"5e4c0254-9c8b-4fe2-b716-bca67f108e30"|"7/1/2026"|"8/7/2026"|"8/7/2026 23:44:09"|
"00000040800"|"60919853-f131-45ab-adc2-ac609f9c9cc0"|"8/8/2025"|"8/8/2026"|"8/8/2026 7:12:41"|
"00000040900"|"601768e0-2aee-4c5d-affe-de7993251e91"|"8/1/2025"|"8/7/2026"|"8/8/2026 7:28:42"|
"00000040900"|"601768e0-2aee-4c5d-affe-de7993251e91"|"8/1/2025"|"8/7/2026"|"8/8/2026 8:00:35"|
"00000040900"|"601768e0-2aee-4c5d-affe-de7993251e91"|"8/1/2025"|"8/7/2026"|"8/8/2026 8:03:37"|
"00000041000"|"63169f3d-5dbf-4256-a6af-f26ba86ea625"|"5/1/2026"|"8/7/2026"|"8/8/2026 8:14:24"|
"00000041100"|"5dde4c69-f261-4f56-9518-c9c1bd7476eb"|"7/1/2026"|"7/31/2026"|"8/8/2026 9:16:11"|
"00000041200"|"5a281f97-d812-4868-bbd7-daeb3ab7ff81"|"1/1/2026"|"8/7/2026"|"8/8/2026 9:21:38"|
"00000041300"|"57864335-182f-4ca9-8f9f-39a86bfbcd0c"|"7/8/2025"|"8/8/2026"|"8/8/2026 9:33:13"|
"00000041400"|"61e85dfc-1828-4ba0-b253-93f6d773ace8"|"7/1/2026"|"8/8/2026"|"8/8/2026 9:41:40"|
"00000041500"|"654296c4-06a3-44ee-9f84-35c486710bf0"|"8/1/2024"|"8/8/2026"|"8/8/2026 10:04:25"|
"00000041500"|"654296c4-06a3-44ee-9f84-35c486710bf0"|"8/1/2024"|"8/7/2026"|"8/8/2026 10:05:15"|
"00000041600"|"640374df-62a5-4c45-b41d-1d46ef316cb6"|"8/28/2023"|"8/8/2026"|"8/8/2026 10:06:48"|
"00000041600"|"640374df-62a5-4c45-b41d-1d46ef316cb6"|"8/28/2023"|"8/8/2026"|"8/8/2026 10:07:46"|
"00000041701"|"5b5a4e2a-c44e-4277-a86c-390c9a24e84d"|"4/8/2025"|"8/8/2026"|"8/8/2026 10:15:27"|
"00000041800"|"62f66334-6af7-43dd-8244-e59fe9fb6168"|"9/26/2023"|"8/8/2026"|"8/8/2026 10:16:34"|
"00000041900"|"5dcf5cea-c9a8-48a5-b317-4cdd4f79cc92"|"8/1/2026"|"8/8/2026"|"8/8/2026 10:29:00"|
"00000042000"|"5fb41e8b-20a1-4043-b0dd-d47fc9f06337"|"5/1/2026"|"7/31/2026"|"8/8/2026 10:36:05"|
"00000042000"|"5fb41e8b-20a1-4043-b0dd-d47fc9f06337"|"5/1/2026"|"7/31/2026"|"8/8/2026 10:36:49"|
"00000042100"|"605b0530-fd5e-4b62-8d72-003a164ab5af"|"1/1/2026"|"8/8/2026"|"8/8/2026 11:22:00"|
"00000042200"|"628ec2f3-11e4-4222-9ace-350fbd666d94"|"3/1/2026"|"8/7/2026"|"8/8/2026 11:40:37"|
"00000042300"|"62337990-4543-4163-adb6-7115841c668b"|"8/8/2026"|"8/8/2026"|"8/8/2026 11:58:23"|
"00000042400"|"5d825bf3-a9d1-4443-821d-44372072cd3e"|"11/19/2025"|"8/8/2026"|"8/8/2026 12:36:23"|
"00000042500"|"5dfa6315-01ac-404c-a37c-ad94d2d7931c"|"8/1/2025"|"8/7/2026"|"8/8/2026 12:41:18"|
"00000042600"|"59a44aa4-13f9-499e-892a-0cb9f7335284"|"5/1/2026"|"7/31/2026"|"8/8/2026 13:35:05"|
"00000042600"|"59a44aa4-13f9-499e-892a-0cb9f7335284"|"5/1/2026"|"7/31/2026"|"8/8/2026 13:36:08"|
"00000042600"|"59a44aa4-13f9-499e-892a-0cb9f7335284"|"5/1/2026"|"8/8/2026"|"8/8/2026 13:37:55"|
"00000042600"|"59a44aa4-13f9-499e-892a-0cb9f7335284"|"5/1/2026"|"7/31/2026"|"8/8/2026 13:38:47"|
"00000042700"|"597193de-4c33-4957-a452-03344ecf9ac2"|"7/1/2026"|"7/31/2026"|"8/8/2026 13:43:52"|
"00000042800"|"5b69f4f0-dbf9-4f3f-be29-cb4224f01870"|"7/1/2026"|"7/31/2026"|"8/8/2026 14:08:51"|
"00000042800"|"5b69f4f0-dbf9-4f3f-be29-cb4224f01870"|"7/1/2026"|"7/31/2026"|"8/8/2026 14:09:36"|
"00000042900"|"6676f633-3537-4f29-9bfe-39284987677b"|"8/1/2026"|"8/8/2026"|"8/8/2026 15:10:18"|
"00000043000"|"5702a836-aa6c-48ff-b74c-e2beb5efa97f"|"1/1/2026"|"8/8/2026"|"8/8/2026 15:17:44"|
"00000043100"|"64ca9c8a-fcc3-44aa-8a7a-0f1d7b31904b"|"7/26/2026"|"8/7/2026"|"8/8/2026 15:48:06"|
"00000043200"|"57e5c4ea-3c7a-4e6d-ab0a-7ce647d9b789"|"6/1/2025"|"6/2/2026"|"8/8/2026 16:00:21"|
"00000043300"|"5df31d52-6d13-4932-9086-0a6fae45a81f"|"2/1/2026"|"8/7/2026"|"8/8/2026 16:13:41"|
"00000043300"|"5df31d52-6d13-4932-9086-0a6fae45a81f"|"2/1/2026"|"8/7/2026"|"8/8/2026 16:14:52"|
"00000039600"|"64b694f7-be7c-4d72-9ea9-ddd855f9723c"|"5/1/2026"|"8/8/2026"|"8/8/2026 16:40:36"|
"00000043401"|"56451b22-c2ef-4223-a248-e00e9f51fa8f"|"1/1/2026"|"8/8/2026"|"8/8/2026 16:56:35"|
"00000043401"|"56451b22-c2ef-4223-a248-e00e9f51fa8f"|"1/1/2026"|"8/8/2026"|"8/8/2026 16:57:57"|
"00000043500"|"60c9df30-7087-474c-83e5-5d13bb2b1ebb"|"11/22/2022"|"8/8/2026"|"8/8/2026 17:09:33"|
"00000043600"|"607e62fb-7520-4297-8af0-e631ed26a213"|"5/1/2026"|"8/8/2026"|"8/8/2026 18:05:54"|
"00000043700"|"6349d4a0-892f-45d4-960c-69a27bad53bb"|"5/10/2025"|"9/8/2026"|"8/8/2026 19:01:15"|
"00000043800"|"5da86fa1-42c0-4c08-8327-9be0dc2ad651"|"9/1/2025"|"8/8/2026"|"8/8/2026 19:20:07"|
"00000043900"|"60c2a58e-e559-4a06-8625-7b704b5239ac"|"7/1/2026"|"7/31/2026"|"8/8/2026 21:28:36"|
"00000025400"|"5b34c474-04bc-4559-be4f-63f3ed778026"|"7/1/2026"|"7/31/2026"|"8/8/2026 21:42:00"|
"00000025400"|"5b34c474-04bc-4559-be4f-63f3ed778026"|"7/1/2026"|"7/31/2026"|"8/8/2026 21:44:16"|
"00000044000"|"57fec2e6-ca3c-4f0c-9c82-5d5eccbed84a"|"1/1/2026"|"7/31/2026"|"8/8/2026 22:02:15"|
"00000044000"|"57fec2e6-ca3c-4f0c-9c82-5d5eccbed84a"|"6/1/2026"|"7/31/2026"|"8/8/2026 22:05:20"|
"00000044100"|"5cc35345-c055-410a-9975-afc641500ea6"|"6/27/2023"|"8/8/2026"|"8/8/2026 22:05:43"|
"00000044100"|"5cc35345-c055-410a-9975-afc641500ea6"|"6/16/2024"|"8/8/2026"|"8/8/2026 22:06:30"|
"00000044100"|"5cc35345-c055-410a-9975-afc641500ea6"|"12/25/2025"|"8/8/2026"|"8/8/2026 22:07:17"|
"00000044200"|"5fc26368-c116-4633-bcdb-18c669632e1a"|"8/1/2026"|"8/8/2026"|"8/8/2026 22:27:29"|
"00000007600"|"5cbfca1f-8d9f-4c7c-b854-bc153a7810da"|"7/1/2026"|"8/1/2026"|"8/8/2026 22:27:58"|
"00000044301"|"56033af1-aed5-43f6-94b2-b03f6d4b1e03"|"1/1/2026"|"8/8/2026"|"8/8/2026 23:44:40"|
"00000044400"|"59c0fcbf-08a0-4eba-8a2d-3a4bf315583a"|"1/1/2024"|"8/8/2026"|"8/9/2026 1:07:06"|
"00000044500"|"5f3ac324-08a6-4973-92a5-e746a9ea3a0e"|"8/1/2026"|"8/8/2026"|"8/9/2026 6:12:50"|
"00000044600"|"664e85c2-af4c-4916-b691-416b2c8dd40c"|"7/7/2024"|"8/9/2026"|"8/9/2026 8:15:05"|
"00000011000"|"618d34e0-5110-4bb7-9177-f15bafcbe454"|"7/1/2026"|"7/31/2026"|"8/9/2026 9:11:38"|
"00000011000"|"618d34e0-5110-4bb7-9177-f15bafcbe454"|"1/1/2026"|"7/31/2026"|"8/9/2026 9:14:13"|
"00000044700"|"60d82eab-5d2c-4d7d-970c-67a8b37d2451"|"7/1/2026"|"8/9/2026"|"8/9/2026 10:44:28"|
"00000044700"|"60d82eab-5d2c-4d7d-970c-67a8b37d2451"|"7/1/2026"|"8/9/2026"|"8/9/2026 10:45:29"|
"00000041000"|"63169f3d-5dbf-4256-a6af-f26ba86ea625"|"5/1/2026"|"8/7/2026"|"8/9/2026 11:35:34"|
"00000033900"|"5726bcf8-aaee-4cff-b9e6-db5efffb496f"|"7/1/2026"|"8/8/2026"|"8/9/2026 11:59:33"|
"00000044800"|"591388fe-f621-46ca-a4b4-5b30afb9b249"|"8/6/2025"|"8/6/2026"|"8/9/2026 12:05:17"|
"00000044900"|"5ffe504b-6459-450e-a405-dd1d6be7eaac"|"1/1/2024"|"1/31/2025"|"8/9/2026 12:06:05"|
"00000045000"|"56ff39e6-beb2-448d-ad43-b26963d5a40c"|"3/7/2023"|"7/10/2026"|"8/9/2026 12:09:32"|
"00000045100"|"64d2ddda-98f8-455a-a5e4-042b62d6da72"|"7/1/2026"|"8/9/2026"|"8/9/2026 12:35:10"|
"00000045200"|"5d845a4f-70a3-4ef2-84c6-e1bcb8222382"|"8/1/2025"|"8/9/2026"|"8/9/2026 13:11:35"|
"00000045300"|"612df890-c928-4482-af62-ffb762e0c892"|"1/14/2026"|"8/9/2026"|"8/9/2026 13:36:28"|
"00000043900"|"60c2a58e-e559-4a06-8625-7b704b5239ac"|"8/1/2026"|"8/9/2026"|"8/9/2026 14:49:44"|
"00000045400"|"5cdcbc8a-214c-4407-93df-d71908cc2fd4"|"12/1/2025"|"7/31/2026"|"8/9/2026 16:37:29"|
"00000045500"|"555f5626-ed89-4cfe-af4c-23ee1bac49a0"|"7/1/2026"|"8/9/2026"|"8/9/2026 18:11:28"|
"00000045500"|"555f5626-ed89-4cfe-af4c-23ee1bac49a0"|"7/1/2026"|"8/9/2026"|"8/9/2026 18:13:47"|
"00000045600"|"582873d3-ebce-4300-97d7-c5c21f41ef14"|"1/1/2026"|"8/9/2026"|"8/9/2026 19:26:20"|
"00000045600"|"582873d3-ebce-4300-97d7-c5c21f41ef14"|"1/1/2026"|"8/9/2026"|"8/9/2026 19:27:45"|2026-08-10 14:19:21.000
