"PERIOD"|"ID_BOT"|"QTDE_EXECS"|"QTDE_SUCESSO"|"QTDE_ERROS"|"QTDE_ITENS"
"11/2022"|21|1|1|0|1
"04/2023"|21|1|1|0|1
"05/2023"|21|7|5|2|7
"06/2023"|21|5|5|0|5
"07/2023"|21|6|6|0|6
"08/2023"|21|8|8|0|8
"09/2023"|21|4|4|0|4
"10/2023"|21|8|6|0|6
"11/2023"|21|4|4|0|4
"12/2023"|21|4|4|0|4
"01/2024"|21|5|5|0|5
"02/2024"|21|5|5|0|5
"03/2024"|21|4|4|0|4
"04/2024"|21|6|5|1|6
"05/2024"|21|4|4|0|4
"06/2024"|21|4|4|0|4
"07/2024"|21|5|5|0|5
"08/2024"|21|4|4|0|4
"09/2024"|21|4|4|0|4
"10/2024"|21|5|5|0|5
"11/2024"|21|4|4|0|4
"12/2024"|21|6|6|0|6
"01/2025"|21|4|4|0|4
"02/2025"|21|4|4|0|4
"03/2025"|21|4|4|0|4
"04/2025"|21|5|5|0|5
"05/2025"|21|4|4|0|4
"06/2025"|21|4|4|0|4
"07/2025"|21|5|5|0|5
"08/2025"|21|4|4|0|4
"09/2025"|21|5|5|0|5
"10/2025"|21|4|4|0|4
"11/2025"|21|4|4|0|4
"12/2025"|21|20|6|6|12
"01/2026"|21|9|6|0|6
"02/2026"|21|10|6|1|7
"03/2026"|21|13|4|3|8
"04/2026"|21|28|8|1|9
"05/2026"|21|29|6|6|12
"06/2026"|21|8|5|3|8
"07/2026"|21|4|4|0|4
"08/2026"|21|1|1|0|1
"01/2022"|35|272|262|8|270
"02/2022"|35|362|354|7|361
"03/2022"|35|411|393|15|408
"04/2022"|35|393|383|6|389
"05/2022"|35|398|386|0|386
"06/2022"|35|398|395|3|398
"07/2022"|35|377|371|6|377
"08/2022"|35|398|381|16|397
"09/2022"|35|391|368|10|378
"10/2022"|35|336|333|3|336
"11/2022"|35|362|357|5|362
"12/2022"|35|359|335|18|353
"01/2023"|35|336|314|21|335
"02/2023"|35|318|252|51|303
"03/2023"|35|473|446|26|472
"04/2023"|35|416|404|12|416
"05/2023"|35|484|445|38|483
"06/2023"|35|441|411|29|440
"07/2023"|35|435|410|24|434
"08/2023"|35|491|484|5|489
"09/2023"|35|443|430|13|443
"10/2023"|35|448|421|18|448
"11/2023"|35|442|431|10|442
"12/2023"|35|429|425|3|428
"01/2024"|35|466|462|4|466
"02/2024"|35|420|417|2|419
"03/2024"|35|396|394|2|396
"04/2024"|35|374|367|7|374
"05/2024"|35|444|443|1|444
"06/2024"|35|407|403|4|407
"07/2024"|35|485|477|1|485
"08/2024"|35|506|498|6|504
"09/2024"|35|473|473|0|473
"10/2024"|35|537|530|4|534
"11/2024"|35|471|468|3|471
"12/2024"|35|499|463|18|498
"01/2025"|35|441|424|4|437
"02/2025"|35|410|409|1|410
"03/2025"|35|464|464|0|464
"04/2025"|35|428|396|17|415
"05/2025"|35|487|486|1|487
"06/2025"|35|466|447|1|465
"07/2025"|35|501|501|0|501
"08/2025"|35|460|445|11|459
"09/2025"|35|437|436|1|437
"10/2025"|35|374|371|2|373
"11/2025"|35|325|320|1|321
"12/2025"|35|300|293|0|293
"01/2026"|35|326|318|0|318
"02/2026"|35|400|397|2|399
"03/2026"|35|320|317|0|317
"04/2026"|35|261|260|0|260
"05/2026"|35|208|202|5|207
"06/2026"|35|205|202|0|202
"07/2026"|35|205|205|0|205
"08/2026"|35|28|27|1|28
"01/2022"|48|222|200|18|218
"02/2022"|48|344|330|9|339
"03/2022"|48|387|367|15|382
"04/2022"|48|351|347|3|350
"05/2022"|48|401|382|17|400
"06/2022"|48|376|374|1|375
"07/2022"|48|374|363|10|373
"08/2022"|48|390|365|22|387
"09/2022"|48|321|300|19|319
"10/2022"|48|301|285|15|300
"11/2022"|48|354|292|62|354
"12/2022"|48|408|374|29|403
"01/2023"|48|349|342|6|348
"02/2023"|48|291|277|11|288
"03/2023"|48|446|423|8|431
"04/2023"|48|365|356|8|364
"05/2023"|48|440|431|8|439
"06/2023"|48|363|334|24|358
"07/2023"|48|358|342|14|356
"08/2023"|48|386|369|15|384
"09/2023"|48|290|268|20|288
"10/2023"|48|271|249|20|269
"11/2023"|48|326|297|23|320
"12/2023"|48|297|291|6|297
"01/2024"|48|390|382|8|390
"02/2024"|48|315|305|8|313
"03/2024"|48|320|313|6|319
"04/2024"|48|286|277|8|285
"05/2024"|48|496|480|16|496
"06/2024"|48|417|405|12|417
"07/2024"|48|495|485|10|495
"08/2024"|48|487|477|10|487
"09/2024"|48|459|455|4|459
"10/2024"|48|520|501|10|511
"11/2024"|48|469|464|5|467
"12/2024"|48|360|350|3|360
"01/2025"|48|368|337|13|365
"02/2025"|48|334|310|21|331
"03/2025"|48|343|308|31|339
"04/2025"|48|206|161|24|185
"05/2025"|48|388|360|20|380
"06/2025"|48|393|368|21|389
"07/2025"|48|359|320|36|356
"08/2025"|48|394|389|5|394
"09/2025"|48|390|378|10|388
"10/2025"|48|364|342|16|358
"11/2025"|48|305|275|18|293
"12/2025"|48|371|336|27|363
"01/2026"|48|262|236|1|237
"02/2026"|48|223|164|1|165
"03/2026"|48|236|72|22|94
"04/2026"|48|355|313|37|350
"05/2026"|48|268|255|9|264
"06/2026"|48|255|52|170|222
"07/2026"|48|242|4|208|211
"01/2023"|85|144|144|0|144
"02/2023"|85|1794|1793|1|1794
"03/2023"|85|2167|2161|5|2166
"04/2023"|85|1860|1853|7|1860
"05/2023"|85|2155|2148|7|2155
"06/2023"|85|1908|1896|10|1906
"07/2023"|85|1761|1753|7|1760
"08/2023"|85|2175|2169|6|2175
"09/2023"|85|1893|1893|0|1893
"10/2023"|85|1864|1844|19|1862
"11/2023"|85|1767|1752|11|1767
"12/2023"|85|1836|1832|4|1836
"01/2024"|85|1978|1969|5|1978
"02/2024"|85|1735|1730|5|1735
"03/2024"|85|1680|1674|6|1680
"04/2024"|85|1550|1545|2|1547
"05/2024"|85|732|728|4|732
"06/2024"|85|60|60|0|60
"07/2024"|85|69|63|6|69
"08/2024"|85|65|63|0|63
"09/2024"|85|67|61|5|66
"10/2024"|85|69|69|0|69
"11/2024"|85|63|62|1|63
"12/2024"|85|66|66|0|66
"01/2025"|85|69|69|0|69
"02/2025"|85|59|59|0|59
"03/2025"|85|63|62|1|63
"04/2025"|85|66|66|0|66
"05/2025"|85|67|65|2|67
"06/2025"|85|63|60|2|62
"07/2025"|85|69|68|1|69
"08/2025"|85|63|63|0|63
"09/2025"|85|66|66|0|66
"10/2025"|85|70|58|6|64
"11/2025"|85|65|41|11|54
"12/2025"|85|77|66|1|68
"01/2026"|85|74|64|4|68
"02/2026"|85|64|58|4|62
"03/2026"|85|67|65|2|67
"04/2026"|85|63|63|0|63
"05/2026"|85|56|56|0|56
"06/2026"|85|63|63|0|63
"07/2026"|85|64|64|0|64
"08/2026"|85|7|7|0|7
"12/2022"|95|13|12|1|13
"01/2023"|95|8|6|2|8
"02/2023"|95|2|2|0|2
"03/2023"|95|1|1|0|1
"04/2023"|95|2|1|1|2
"05/2023"|95|16|11|2|13
"06/2023"|95|4|3|0|3
"07/2023"|95|3|2|0|2
"10/2023"|95|5|4|0|4
"11/2023"|95|21|8|0|8
"12/2023"|95|3|3|0|3
"01/2024"|95|4|3|0|4
"02/2024"|95|2|2|0|2
"03/2024"|95|4|2|0|2
"04/2024"|95|9|6|3|9
"05/2024"|95|1|1|0|1
"06/2024"|95|3|2|1|3
"07/2024"|95|5|2|3|5
"08/2024"|95|1|0|1|1
"09/2024"|95|9|2|0|5
"10/2024"|95|2|2|0|2
"11/2024"|95|29|23|6|29
"12/2024"|95|27|24|1|25
"01/2025"|95|26|24|0|24
"02/2025"|95|29|20|8|28
"03/2025"|95|26|25|0|25
"04/2025"|95|26|26|0|26
"05/2025"|95|25|24|0|24
"06/2025"|95|26|25|0|25
"07/2025"|95|35|28|3|31
"08/2025"|95|24|24|0|24
"09/2025"|95|31|29|2|31
"10/2025"|95|47|25|9|36
"11/2025"|95|44|32|6|38
"12/2025"|95|31|28|1|29
"01/2026"|95|25|24|1|25
"02/2026"|95|37|22|6|28
"03/2026"|95|66|36|15|51
"04/2026"|95|61|31|5|38
"05/2026"|95|25|22|3|25
"06/2026"|95|32|26|1|27
"07/2026"|95|55|20|0|20
"08/2026"|95|5|0|0|0
"12/2022"|96|9|9|0|9
"01/2023"|96|22|21|1|22
"02/2023"|96|20|20|0|20
"03/2023"|96|25|21|4|25
"04/2023"|96|20|20|0|20
"05/2023"|96|23|21|2|23
"06/2023"|96|24|20|2|22
"07/2023"|96|22|21|1|22
"08/2023"|96|23|23|0|23
"09/2023"|96|21|20|1|21
"10/2023"|96|22|22|0|22
"11/2023"|96|26|22|3|25
"12/2023"|96|21|20|1|21
"01/2024"|96|23|21|2|23
"02/2024"|96|21|21|0|21
"03/2024"|96|21|21|0|21
"04/2024"|96|22|22|0|22
"05/2024"|96|25|23|2|25
"06/2024"|96|20|20|0|20
"07/2024"|96|27|23|3|26
"08/2024"|96|21|21|0|21
"09/2024"|96|22|21|1|22
"10/2024"|96|24|23|1|24
"11/2024"|96|21|21|0|21
"12/2024"|96|22|21|1|22
"01/2025"|96|24|22|1|23
"02/2025"|96|20|20|0|20
"03/2025"|96|21|21|0|21
"04/2025"|96|24|22|2|24
"05/2025"|96|22|22|0|22
"06/2025"|96|23|21|1|23
"07/2025"|96|28|22|5|28
"08/2025"|96|22|21|1|22
"09/2025"|96|23|22|1|23
"10/2025"|96|28|25|2|28
"11/2025"|96|20|20|0|20
"12/2025"|96|25|22|2|24
"01/2026"|96|22|21|1|22
"02/2026"|96|20|20|0|20
"03/2026"|96|23|22|1|23
"04/2026"|96|23|22|1|23
"05/2026"|96|24|22|2|24
"06/2026"|96|30|21|4|25
"07/2026"|96|28|21|4|25
"08/2026"|96|5|3|1|4
"08/2025"|130|2|0|1|1
"09/2025"|130|125|32|82|115
"10/2025"|130|155|77|62|140
"11/2025"|130|145|72|50|125
"12/2025"|130|160|99|39|138
"01/2026"|130|179|67|30|97
"02/2026"|130|218|88|6|105
"03/2026"|130|226|188|14|202
"04/2026"|130|242|233|7|240
"05/2026"|130|243|226|14|240
"06/2026"|130|224|203|20|223
"07/2026"|130|240|183|54|237
"08/2026"|130|37|27|8|35
"09/2023"|144|1|0|1|1
"10/2023"|144|53|22|4|28
"11/2023"|144|44|20|1|21
"12/2023"|144|35|21|7|29
"01/2024"|144|44|25|6|32
"02/2024"|144|27|20|4|24
"03/2024"|144|23|21|1|22
"04/2024"|144|23|20|3|23
"05/2024"|144|30|21|2|24
"06/2024"|144|25|15|7|23
"07/2024"|144|29|21|7|28
"08/2024"|144|23|21|2|23
"09/2024"|144|26|21|2|23
"10/2024"|144|25|22|2|24
"11/2024"|144|19|17|1|18
"12/2024"|144|24|17|3|20
"01/2025"|144|24|23|0|23
"02/2025"|144|30|22|0|22
"03/2025"|144|22|18|3|22
"04/2025"|144|36|21|3|24
"05/2025"|144|24|21|3|24
"06/2025"|144|23|20|0|20
"07/2025"|144|26|23|1|26
"08/2025"|144|28|22|0|22
"09/2025"|144|26|21|0|21
"10/2025"|144|47|33|1|34
"11/2025"|144|63|28|1|29
"12/2025"|144|54|21|3|25
"01/2026"|144|22|22|0|22
"02/2026"|144|22|20|2|22
"03/2026"|144|27|19|5|26
"04/2026"|144|30|16|7|24
"05/2026"|144|34|17|4|21
"06/2026"|144|53|14|7|21
"07/2026"|144|33|11|9|20
"08/2026"|144|9|2|0|2
"01/2024"|156|1|1|0|1
"02/2024"|156|21|13|7|21
"03/2024"|156|25|22|3|25
"04/2024"|156|27|23|4|27
"05/2024"|156|24|22|1|24
"06/2024"|156|23|20|3|23
"07/2024"|156|23|22|1|23
"08/2024"|156|22|22|0|22
"09/2024"|156|22|21|1|22
"10/2024"|156|49|22|2|27
"11/2024"|156|26|23|0|23
"12/2024"|156|29|22|4|27
"01/2025"|156|39|23|4|27
"02/2025"|156|72|18|7|30
"03/2025"|156|45|26|7|36
"04/2025"|156|67|26|17|46
"05/2025"|156|36|27|6|35
"06/2025"|156|84|31|26|59
"07/2025"|156|40|25|11|40
"08/2025"|156|51|19|24|48
"09/2025"|156|81|10|46|65
"10/2025"|156|67|22|37|59
"11/2025"|156|52|27|18|46
"12/2025"|156|52|22|27|49
"01/2026"|156|50|20|23|45
"02/2026"|156|39|20|16|37
"03/2026"|156|66|55|10|65
"04/2026"|156|54|50|4|54
"05/2026"|156|58|48|10|58
"06/2026"|156|55|48|7|55
"07/2026"|156|71|41|14|55
"08/2026"|156|9|3|6|8
"09/2024"|196|49|25|15|41
"10/2024"|196|45|20|12|28
"11/2024"|196|27|21|5|27
"12/2024"|196|26|21|4|25
"01/2025"|196|37|23|3|26
"02/2025"|196|22|19|2|21
"03/2025"|196|19|16|3|19
"04/2025"|196|34|24|0|24
"05/2025"|196|90|48|18|70
"06/2025"|196|64|57|3|61
"07/2025"|196|88|54|5|60
"08/2025"|196|78|62|4|66
"09/2025"|196|66|60|6|66
"10/2025"|196|78|62|3|65
"11/2025"|196|66|59|3|62
"12/2025"|196|67|47|2|50
"01/2026"|196|52|29|7|36
"02/2026"|196|70|62|2|64
"03/2026"|196|64|60|2|62
"04/2026"|196|61|56|1|57
"05/2026"|196|40|33|1|34
"06/2026"|196|35|30|4|34
"07/2026"|196|48|31|10|41
"08/2026"|196|6|6|0|6
"12/2024"|201|29|23|4|29
"01/2025"|201|60|54|6|60
"02/2025"|201|63|59|3|62
"03/2025"|201|47|47|0|47
"04/2025"|201|42|40|2|42
"05/2025"|201|47|44|3|47
"06/2025"|201|51|49|1|50
"07/2025"|201|53|52|1|53
"08/2025"|201|53|51|2|53
"09/2025"|201|70|59|2|61
"10/2025"|201|51|51|0|51
"11/2025"|201|53|49|2|51
"12/2025"|201|42|39|0|39
"01/2026"|201|50|42|5|49
"02/2026"|201|38|38|0|38
"03/2026"|201|51|38|5|46
"04/2026"|201|42|41|0|41
"05/2026"|201|55|54|0|54
"06/2026"|201|51|51|0|51
"07/2026"|201|59|50|7|57
"08/2026"|201|9|9|0|9
"02/2025"|208|14|9|5|14
"03/2025"|208|17|11|5|17
"04/2025"|208|50|13|12|25
"05/2025"|208|110|74|11|90
"06/2025"|208|107|64|27|93
"07/2025"|208|97|85|6|94
"08/2025"|208|109|82|8|93
"09/2025"|208|92|82|7|89
"10/2025"|208|92|79|5|84
"11/2025"|208|114|88|3|91
"12/2025"|208|90|80|7|88
"01/2026"|208|92|64|5|69
"02/2026"|208|81|52|6|58
"03/2026"|208|85|60|1|61
"04/2026"|208|66|54|2|56
"05/2026"|208|41|35|1|36
"06/2026"|208|43|28|3|31
"07/2026"|208|35|24|7|31
"08/2026"|208|14|5|0|5
